qid,self_confidence,perceived_confidence,flipped
0.0,0.9914217237579208,0.0085774767503511,1.0
0.0,0.9914217237579208,7.275264408324009e-07,0.0
1.0,0.9706856794929756,0.0293121699393262,1.0
1.0,0.9706856794929756,0.0,1.0
2.0,1.0,1.3440409951135022e-08,0.0
2.0,1.0,9.736200313009563e-10,0.0
3.0,1.0,2.5436656473769233e-13,0.0
3.0,1.0,0.0,0.0
4.0,0.9999869324773292,1.0129958348192378e-05,0.0
4.0,0.9999869324773292,2.902281658751044e-06,0.0
5.0,0.9240772296696828,0.0758528724743325,1.0
5.0,0.9240772296696828,6.916888293599522e-05,1.0
6.0,0.9999976607241556,2.2603250957489616e-06,1.0
6.0,0.9999976607241556,0.0,0.0
7.0,0.9999723899264568,2.7535687796947383e-05,0.0
7.0,0.9999723899264568,2.4616312182926096e-10,0.0
8.0,1.0,3.0988191387218256e-12,0.0
8.0,1.0,1.361526108089654e-13,0.0
9.0,1.0,2.129785170955785e-12,0.0
9.0,1.0,2.882350793444388e-13,0.0
10.0,0.9984986489630502,0.0015011819509075,1.0
10.0,0.9984986489630502,1.6349195756099198e-07,0.0
11.0,0.9999984951481292,1.2098648396679127e-06,1.0
11.0,0.9999984951481292,1.8553878237411744e-07,0.0
12.0,0.9706857897836031,0.029312169939326244,1.0
12.0,0.9706857897836031,1.936259127295073e-06,0.0
13.0,0.9999998063873693,1.6373771305908126e-07,1.0
13.0,0.9999998063873693,1.3440409951135022e-08,0.0
14.0,0.9999984951481292,1.370956471489639e-06,0.0
14.0,0.9999984951481292,2.3355885840133965e-09,0.0
15.0,1.0,6.34880011604368e-09,0.0
15.0,1.0,4.5990553786523166e-10,0.0
16.0,0.9703289657410695,0.029301395551374315,0.0
16.0,0.9703289657410695,0.0003688502230432583,0.0
17.0,1.0,9.545034922840628e-12,0.0
17.0,1.0,7.433680672352188e-12,0.0
18.0,0.777003939256636,0.2226153690451996,1.0
18.0,0.777003939256636,0.0003792519495552976,1.0
19.0,0.9999416367033446,5.829127258796956e-05,0.0
19.0,0.9999416367033446,1.955452483748492e-08,0.0
20.0,0.9478353540809856,0.04718993918020279,1.0
20.0,0.9478353540809856,0.004973782996714914,1.0
21.0,0.9914217237579207,0.008577476750351117,1.0
21.0,0.9914217237579207,7.275264408324009e-07,0.0
22.0,1.0,9.736200313009565e-10,0.0
22.0,1.0,1.6918979226151304e-10,0.0
23.0,0.7310581862862027,0.26894127703477644,1.0
23.0,0.7310581862862027,3.6870757536129175e-07,1.0
24.0,1.0,2.7894680928689246e-10,0.0
24.0,1.0,2.9400777392844726e-11,0.0
25.0,1.0,3.0988191387218256e-12,0.0
25.0,1.0,1.2917800047859961e-12,0.0
26.0,0.8175741872167174,0.1824254593268885,1.0
26.0,0.8175741872167174,1.516919361935986e-07,0.0
27.0,1.0,4.1937956583795446e-13,0.0
27.0,1.0,1.5428112031918877e-13,0.0
28.0,0.9999962302845802,3.7266389560521204e-06,1.0
28.0,0.9999962302845802,1.2501480974411177e-09,0.0
29.0,0.9992900850599707,0.00070967033651176,1.0
29.0,0.9992900850599707,2.697661168145477e-07,0.0
30.0,0.9999920581810099,7.88926463665814e-06,1.0
30.0,0.9999920581810099,1.5229863549631703e-08,0.0
31.0,1.0,1.1399918530443554e-12,0.0
31.0,1.0,1.006039279283317e-12,0.0
32.0,0.9999784691634502,2.1444937927240387e-05,0.0
32.0,0.9999784691634502,3.850661131834392e-09,0.0
33.0,1.0,2.510999155743982e-08,1.0
33.0,1.0,9.237449661970594e-09,0.0
34.0,0.9999722707259225,2.7535687796947383e-05,1.0
34.0,0.9999722707259225,1.637331847006054e-07,0.0
35.0,1.0,1.522997974471263e-08,0.0
35.0,1.0,5.211412487888539e-10,0.0
36.0,0.9999987335551229,1.0677029917933763e-06,0.0
36.0,0.9999987335551229,7.734407154916583e-08,0.0
37.0,1.0,3.775134544279098e-11,0.0
37.0,1.0,1.0815941557285693e-11,0.0
38.0,1.0,2.172439935079017e-10,0.0
38.0,1.0,1.7482341282710566e-13,0.0
39.0,0.9992841291354968,0.0007096659373619701,1.0
39.0,0.9992841291354968,6.139813386092665e-06,1.0
40.0,1.0,7.433680672352188e-12,0.0
40.0,1.0,5.675685232632723e-14,0.0
41.0,0.9999989719621736,8.315279260963632e-07,0.0
41.0,0.9999989719621736,1.4449788680693535e-07,0.0
42.0,1.0,1.783247290814639e-11,0.0
42.0,1.0,9.545034922840628e-12,0.0
43.0,0.9574309003354199,0.02891191122896198,1.0
43.0,0.9574309003354199,0.013657016584292126,1.0
44.0,0.9999557020117429,2.7535241379236138e-05,0.0
44.0,0.9999557020117429,1.6700968119094697e-05,0.0
45.0,1.0,9.736200313009565e-10,0.0
45.0,1.0,9.056076989672867e-11,0.0
46.0,0.9999015874097997,9.61022116260119e-05,0.0
46.0,0.9999015874097997,2.2601073892209517e-06,0.0
47.0,0.9999545100305701,4.539785156619626e-05,0.0
47.0,0.9999545100305701,4.363262514065097e-09,0.0
48.0,0.9997964803243284,0.00020342704214340812,0.0
48.0,0.9997964803243284,2.6460335645904135e-09,0.0
49.0,0.9046502362990437,0.0953494369576698,1.0
49.0,0.9046502362990437,1.9019664452856595e-07,0.0
50.0,1.0,2.4616969518153846e-10,0.0
50.0,1.0,2.129785170955785e-12,0.0
51.0,1.0,4.139937718785167e-08,0.0
51.0,1.0,1.2501528663867426e-09,0.0
52.0,1.0,2.646573638909117e-09,0.0
52.0,1.0,5.211412487888539e-10,0.0
53.0,1.0,2.413362771833214e-12,0.0
53.0,1.0,1.2917800047859961e-12,0.0
54.0,0.998073226003552,0.0019267342527389902,1.0
54.0,0.998073226003552,4.934925159284903e-09,1.0
55.0,1.0,5.789356328730652e-12,0.0
55.0,1.0,0.0,0.0
56.0,1.0,3.331544542166412e-11,0.0
56.0,1.0,2.543665647376923e-13,0.0
57.0,0.999998137537802,1.7603429545652396e-06,1.0
57.0,0.999998137537802,1.0467381829779195e-08,0.0
58.0,0.999971913124405,2.7535687796947383e-05,1.0
58.0,0.999971913124405,4.4507294068738415e-07,0.0
59.0,1.0,4.058652126475693e-10,0.0
59.0,1.0,2.9400777392844726e-11,0.0
60.0,1.0,2.5946094982764667e-11,0.0
60.0,1.0,9.545034922840628e-12,0.0
61.0,1.0,1.3887943864964021e-11,0.0
61.0,1.0,0.0,0.0
62.0,0.9997386983078135,0.0002611902975925828,0.0
62.0,0.9997386983078135,6.689837763028917e-10,0.0
63.0,0.9998765647550606,0.0001233946226544279,1.0
63.0,0.9998765647550606,1.879295811396392e-12,1.0
64.0,1.0,7.433680672352188e-12,0.0
64.0,1.0,1.2015425731771786e-13,0.0
65.0,1.0,3.581747930283181e-10,0.0
65.0,1.0,9.056076989672867e-11,0.0
66.0,0.9999993295729128,6.47594599989589e-07,0.0
66.0,0.9999993295729128,2.061153622438558e-09,0.0
67.0,0.99999408462894,4.785090011545999e-06,1.0
67.0,0.99999408462894,1.0676979006009105e-06,1.0
68.0,0.999999091165777,8.315279260963632e-07,0.0
68.0,0.999999091165777,2.215948977336598e-08,0.0
69.0,1.0,4.363462252943702e-09,0.0
69.0,1.0,2.7894680928689246e-10,0.0
70.0,1.0,4.944450501938644e-09,0.0
70.0,1.0,1.917171513758312e-10,0.0
71.0,1.0,9.736200313009565e-10,0.0
71.0,1.0,8.423463754468647e-12,0.0
72.0,0.9999992103693378,5.715002286213223e-07,0.0
72.0,0.9999992103693378,8.764248219443636e-08,0.0
73.0,0.9999995679801056,3.059023205018258e-07,1.0
73.0,0.9999995679801056,1.8189616875530459e-09,0.0
74.0,0.9770214793243672,0.022977345500128123,0.0
74.0,0.9770214793243672,1.1820660447282621e-06,1.0
75.0,0.9988303399354621,0.0011695103074966034,1.0
75.0,0.9988303399354621,6.817614508742992e-08,0.0
76.0,0.8786229307112928,0.1189086725547313,1.0
76.0,0.8786229307112928,0.0024678713547003324,1.0
77.0,1.0,2.8453348089834e-08,1.0
77.0,1.0,4.363462252943702e-09,0.0
78.0,1.0,4.1937956583795446e-13,0.0
78.0,1.0,0.0,0.0
79.0,0.9820126273509668,0.017986185584564048,0.0
79.0,0.9820126273509668,1.1881046124721702e-06,0.0
80.0,1.0,9.545034922840628e-12,0.0
80.0,1.0,3.0988191387218256e-12,0.0
81.0,1.0,4.139937718785167e-08,1.0
81.0,1.0,2.020683909022217e-11,0.0
82.0,1.0,1.2256067444099483e-11,0.0
82.0,1.0,4.508755242294825e-12,0.0
83.0,0.9999998063873693,1.1253517471925912e-07,0.0
83.0,0.9999998063873693,4.944450501938644e-09,0.0
84.0,1.0,1.7257827987960214e-08,0.0
84.0,1.0,7.194133030325383e-09,0.0
85.0,0.9947797899743182,0.005220125868449866,1.0
85.0,0.9947797899743182,1.515047784372596e-08,0.0
86.0,0.9999995679801056,3.059023205018258e-07,0.0
86.0,0.9999995679801056,1.6052280551856116e-09,0.0
87.0,1.0,1.3887943864964021e-11,0.0
87.0,1.0,4.1937956583795446e-13,0.0
88.0,1.0,1.9555681087850496e-08,0.0
88.0,1.0,1.3176514270095466e-10,0.0
89.0,0.9997216604307056,0.00020341171647225248,0.0
89.0,0.9997216604307056,7.48309885835361e-05,0.0
90.0,1.0,1.493094676197164e-10,0.0
90.0,1.0,2.020683909022217e-11,0.0
91.0,0.9999869324773292,1.3007123989067183e-05,0.0
91.0,0.9999869324773292,2.3355618554761833e-09,0.0
92.0,1.0,1.2256067444099483e-11,0.0
92.0,1.0,1.006039279283317e-12,0.0
93.0,1.0,9.736200313009565e-10,0.0
93.0,1.0,1.0603575991523846e-13,0.0
94.0,1.0,2.172439935079017e-10,0.0
94.0,1.0,7.05287985111216e-11,0.0
95.0,0.9998199552783987,0.0001584327659159208,1.0
95.0,0.9998199552783987,2.14415432491911e-05,1.0
96.0,1.0,5.211412487888539e-10,0.0
96.0,1.0,4.5990553786523166e-10,0.0
97.0,1.0,4.139937718785167e-08,0.0
97.0,1.0,1.2501528663867426e-09,0.0
98.0,0.999307938446372,0.00043044441163590184,1.0
98.0,0.999307938446372,0.0002610777329591399,1.0
99.0,1.0,3.2241867372567335e-08,0.0
99.0,1.0,9.056076989672867e-11,0.0
100.0,1.0,2.129785170955785e-12,0.0
100.0,1.0,0.0,0.0
101.0,1.0,3.331544542166412e-11,0.0
101.0,1.0,2.289734845645553e-11,0.0
102.0,0.4530679979343476,0.39983110483726564,0.0
102.0,0.4530679979343476,0.14708965217771985,1.0
103.0,1.0,0.0,0.0
103.0,1.0,0.0,0.0
104.0,0.9998584481877064,9.609808745501366e-05,0.0
104.0,0.9998584481877064,4.539352229612935e-05,0.0
105.0,0.999971913124405,2.7535687796947383e-05,0.0
105.0,0.999971913124405,5.043337142418128e-07,0.0
106.0,1.0,2.510999155743982e-08,0.0
106.0,1.0,1.2501528663867426e-09,0.0
107.0,1.0,1.2256067444099483e-11,0.0
107.0,1.0,0.0,0.0
108.0,0.7772642158329707,0.2226899262639202,1.0
108.0,0.7772642158329707,4.5310350690605426e-05,1.0
109.0,0.5621764355519978,0.43782344823218705,1.0
109.0,0.5621764355519978,7.168823577488574e-08,1.0
110.0,1.0,0.0,0.0
110.0,1.0,0.0,0.0
111.0,1.0,1.493094676197164e-10,0.0
111.0,1.0,1.57371021068629e-11,0.0
112.0,1.0,2.061153622438558e-09,0.0
112.0,1.0,7.582560427911907e-10,0.0
113.0,0.999088951739003,0.0009110514045295695,0.0
113.0,0.999088951739003,1.41531783507515e-09,0.0
114.0,0.9992840100697188,0.0007096659373619701,0.0
114.0,0.9992840100697188,6.139813386092665e-06,1.0
115.0,0.9997375065853166,0.0002611900485022231,0.0
115.0,0.9997375065853166,1.209549888621402e-06,1.0
116.0,0.7187013392886444,0.26439544706667367,1.0
116.0,0.7187013392886444,0.016902235443763715,1.0
117.0,0.7310583823713148,0.2689413411553812,1.0
117.0,0.7310583823713148,1.741651263429113e-07,0.0
118.0,0.9999920581810099,7.88926463665814e-06,0.0
118.0,0.9999920581810099,3.5817206038193513e-10,0.0
119.0,0.9999998063873693,1.1253517471925912e-07,1.0
119.0,0.9999998063873693,1.493094676197164e-10,0.0
120.0,1.0,5.109089028063325e-12,0.0
120.0,1.0,3.442477108469977e-14,0.0
121.0,1.0,4.1937956583795446e-13,0.0
121.0,1.0,0.0,0.0
122.0,0.4918818058847158,0.4918818058847158,1.0
122.0,0.4918818058847158,0.014853540834742891,1.0
123.0,0.993265133363027,0.006692567235626877,1.0
123.0,0.993265133363027,3.9795459455841e-05,1.0
124.0,0.9999989719621736,8.315279260963632e-07,1.0
124.0,0.9999989719621736,1.1253496007565217e-07,0.0
125.0,1.0,3.2241867372567335e-08,0.0
125.0,1.0,1.917171513758312e-10,0.0
126.0,1.0,4.508755242294825e-12,0.0
126.0,1.0,0.0,0.0
127.0,0.9999998063873693,8.764248219443636e-08,0.0
127.0,0.9999998063873693,7.582560427911907e-10,0.0
128.0,0.8991688592016436,0.09477170545275888,1.0
128.0,0.8991688592016436,0.006058550988035651,1.0
129.0,1.0,9.237449661970594e-09,0.0
129.0,1.0,1.493094676197164e-10,0.0
130.0,0.9999995679801056,3.059023205018258e-07,0.0
130.0,0.9999995679801056,3.850741922767617e-09,0.0
131.0,0.999999091165777,8.315279260963632e-07,0.0
131.0,0.999999091165777,1.9555681087850496e-08,0.0
132.0,1.0,9.056076989672867e-11,0.0
132.0,1.0,2.9400777392844726e-11,0.0
133.0,1.0,4.5990553786523166e-10,0.0
133.0,1.0,1.6918979226151304e-10,0.0
134.0,0.7772480704983762,0.2226853071846512,1.0
134.0,0.7772480704983762,6.592478807656232e-05,0.0
135.0,0.9992755600420022,0.000709659846276511,1.0
135.0,0.9992755600420022,1.472852022502053e-05,0.0
136.0,1.0,1.5428112031918877e-13,0.0
136.0,1.0,0.0,0.0
137.0,0.9999998063873693,1.1253517471925912e-07,0.0
137.0,0.9999998063873693,9.237449661970594e-09,0.0
138.0,0.8175742724963551,0.1824254810736992,1.0
138.0,0.8175742724963551,1.7188964676715117e-07,0.0
139.0,0.9999784691634502,1.6701334450652484e-05,1.0
139.0,0.9999784691634502,4.785012434078284e-06,0.0
140.0,1.0,5.4927883509546835e-11,0.0
140.0,1.0,5.109089028063325e-12,0.0
141.0,0.952131248639039,0.047403819332939585,1.0
141.0,0.952131248639039,0.00046473080292100584,1.0
142.0,1.0,4.8473687062702556e-11,0.0
142.0,1.0,0.0,0.0
143.0,1.0,2.7346982915918745e-12,0.0
143.0,1.0,0.0,0.0
144.0,0.904630433897796,0.09534734553749749,1.0
144.0,0.904630433897796,2.1983281844859344e-05,0.0
145.0,0.998073226003552,0.0019267342527389902,1.0
145.0,0.998073226003552,5.3055445459771946e-08,0.0
146.0,1.0,5.384940217754036e-13,0.0
146.0,1.0,0.0,0.0
147.0,0.9933048877301626,0.006692835307233859,1.0
147.0,0.9933048877301626,2.245196120283386e-06,1.0
148.0,1.0,5.384940217754036e-13,0.0
148.0,1.0,8.25807328555592e-14,0.0
149.0,0.9237247412324764,0.0758239424181319,0.0
149.0,0.9237247412324764,0.00045086574993759515,0.0
150.0,1.0,5.905303998944039e-10,1.0
150.0,1.0,1.026187963170189e-10,0.0
151.0,0.9999992103693378,5.043471815847051e-07,0.0
151.0,0.9999992103693378,1.8553895931777327e-07,1.0
152.0,1.0,2.413362771833214e-12,0.0
152.0,1.0,0.0,0.0
153.0,0.999999091165777,8.315279260963632e-07,0.0
153.0,0.999999091165777,1.917171513758312e-10,0.0
154.0,1.0,1.026187963170189e-10,0.0
154.0,1.0,2.289734845645553e-11,0.0
155.0,0.999999448776502,5.043471815847051e-07,0.0
155.0,0.999999448776502,1.522997974471263e-08,0.0
156.0,1.0,1.783247290814639e-11,0.0
156.0,1.0,0.0,0.0
157.0,1.0,1.3176514270095466e-10,0.0
157.0,1.0,7.433680672352188e-12,0.0
158.0,1.0,3.5114221133765118e-12,0.0
158.0,1.0,1.7482341282710566e-13,0.0
159.0,1.0,1.6052280551856116e-09,0.0
159.0,1.0,1.2501528663867426e-09,1.0
160.0,1.0,1.0467401794744658e-08,0.0
160.0,1.0,2.646573638909117e-09,0.0
161.0,1.0,9.736200313009565e-10,0.0
161.0,1.0,7.05287985111216e-11,0.0
162.0,1.0,2.9400777392844726e-11,0.0
162.0,1.0,1.57371021068629e-11,0.0
163.0,1.0,3.97896253583724e-12,0.0
163.0,1.0,0.0,0.0
164.0,1.0,1.2917800047859961e-12,0.0
164.0,1.0,1.3615261080896538e-13,0.0
165.0,0.9999988527586979,1.0677029917933763e-06,1.0
165.0,0.9999988527586979,1.7832438895436006e-11,0.0
166.0,0.9820135437510639,0.01798620273753547,1.0
166.0,0.9820135437510639,1.6079262758737317e-07,1.0
167.0,0.9958720825370294,0.0040699011701234395,1.0
167.0,0.9958720825370294,5.805404995947212e-05,0.0
168.0,1.0,1.162823303022097e-10,0.0
168.0,1.0,1.8795288165390832e-12,0.0
169.0,1.0,3.775134544279098e-11,0.0
169.0,1.0,1.2917800047859961e-12,0.0
170.0,1.0,6.101936677605324e-13,0.0
170.0,1.0,0.0,0.0
171.0,0.9999784691634502,2.1444937927240387e-05,1.0
171.0,0.9999784691634502,5.905180102035178e-10,0.0
172.0,0.9974318049605663,0.0024723860492379506,1.0
172.0,0.9974318049605663,9.586485622531709e-05,1.0
173.0,1.0,3.398267819495071e-09,0.0
173.0,1.0,2.9400777392844726e-11,0.0
174.0,1.0,3.2241867372567335e-08,0.0
174.0,1.0,2.172439935079017e-10,0.0
175.0,1.0,2.4616969518153846e-10,0.0
175.0,1.0,0.0,0.0
176.0,1.0,4.1937956583795446e-13,0.0
176.0,1.0,0.0,0.0
177.0,1.0,6.560200168153779e-12,0.0
177.0,1.0,1.2917800047859961e-12,0.0
178.0,1.0,5.905303998944039e-10,0.0
178.0,1.0,4.5990553786523166e-10,0.0
179.0,1.0,1.026187963170189e-10,0.0
179.0,1.0,1.026187963170189e-10,0.0
180.0,1.0,2.8823507934443873e-13,0.0
180.0,1.0,0.0,0.0
181.0,0.999999448776502,5.043471815847051e-07,0.0
181.0,0.999999448776502,1.4166087866431961e-09,0.0
182.0,1.0,3.97896253583724e-12,0.0
182.0,1.0,2.2447770550209742e-13,0.0
183.0,1.0,8.423463754468647e-12,0.0
183.0,1.0,2.7346982915918745e-12,0.0
184.0,1.0,1.2501528663867426e-09,0.0
184.0,1.0,1.2256067444099483e-11,0.0
185.0,0.9995989627144546,0.00026115368385874396,1.0
185.0,0.9995989627144546,0.00013978549388522806,1.0
186.0,1.0,2.8453348089834e-08,0.0
186.0,1.0,5.211412487888539e-10,0.0
187.0,1.0,7.991959892953932e-11,0.0
187.0,1.0,7.05287985111216e-11,0.0
188.0,0.9914171514213075,0.00857743993989336,1.0
188.0,0.9914171514213075,5.37570805133134e-06,0.0
189.0,1.0,4.508755242294825e-12,0.0
189.0,1.0,2.2447770550209742e-13,0.0
190.0,0.9998675064303518,0.00012339344587721513,0.0
190.0,0.9998675064303518,8.938591238964522e-06,1.0
191.0,1.0,1.026187963170189e-10,0.0
191.0,1.0,2.543665647376923e-13,0.0
192.0,1.0,5.384940217754036e-13,0.0
192.0,1.0,2.6810038677818034e-14,0.0
193.0,1.0,3.1608814543136926e-10,1.0
193.0,1.0,7.287724095819692e-14,0.0
194.0,1.0,2.4616969518153846e-10,0.0
194.0,1.0,1.3887943864964021e-11,0.0
195.0,1.0,1.6586783589142312e-12,0.0
195.0,1.0,0.0,0.0
196.0,1.0,1.463778514125909e-12,0.0
196.0,1.0,0.0,0.0
197.0,1.0,1.783247290814639e-11,0.0
197.0,1.0,1.2917800047859961e-12,0.0
198.0,0.9999998063873693,9.931194312156244e-08,1.0
198.0,0.9999998063873693,4.691164021834418e-08,0.0
199.0,0.8175600796505322,0.18242230606677784,1.0
199.0,0.8175600796505322,1.7532902938671573e-05,1.0
200.0,1.0,4.139937718785167e-08,0.0
200.0,1.0,3.2241867372567335e-08,0.0
201.0,0.9859362040766612,0.014063626520379485,0.0
201.0,0.9859362040766612,1.1095246496143065e-07,0.0
202.0,1.0,1.1399918530443554e-12,0.0
202.0,1.0,1.5428112031918877e-13,0.0
203.0,0.9998372368478391,0.0001584354856179393,0.0
203.0,0.9998372368478391,4.222162677765214e-06,0.0
204.0,1.0,4.752193062771153e-13,0.0
204.0,1.0,0.0,0.0
205.0,1.0,3.97896253583724e-12,0.0
205.0,1.0,2.7346982915918745e-12,0.0
206.0,1.0,1.783247290814639e-11,0.0
206.0,1.0,2.543665647376923e-13,0.0
207.0,1.0,4.1937956583795446e-13,0.0
207.0,1.0,0.0,0.0
208.0,0.9999918197752665,7.889257112872668e-06,1.0
208.0,0.9999918197752665,1.8553754377325157e-07,0.0
209.0,0.9993510392504584,0.0005527255484586089,0.0
209.0,0.9993510392504584,9.604925240159911e-05,0.0
210.0,0.9999897933314713,1.0129987330277146e-05,0.0
210.0,0.9999897933314713,9.237361567205748e-09,0.0
211.0,0.6791786155281107,0.3208212708736474,1.0
211.0,0.6791786155281107,1.9324901531303826e-08,1.0
212.0,1.0,7.835041785064389e-13,0.0
212.0,1.0,0.0,0.0
213.0,1.0,3.0988191387218256e-12,0.0
213.0,1.0,0.0,0.0
214.0,1.0,1.2917800047859961e-12,0.0
214.0,1.0,3.701011678592672e-13,0.0
215.0,0.8519528238199198,0.14804720844715558,1.0
215.0,0.8519528238199198,0.0,1.0
216.0,0.9999415175046573,5.829127258796956e-05,0.0
216.0,0.9999415175046573,1.1252852095781125e-07,0.0
217.0,0.999999448776502,3.059020287707785e-07,1.0
217.0,0.999999448776502,1.4449788680693535e-07,0.0
218.0,1.0,7.582560427911907e-10,0.0
218.0,1.0,1.162823303022097e-10,0.0
219.0,1.0,6.34880011604368e-09,0.0
219.0,1.0,3.331544542166412e-11,0.0
220.0,1.0,8.423463754468647e-12,0.0
220.0,1.0,2.413362771833214e-12,0.0
221.0,1.0,1.917171513758312e-10,0.0
221.0,1.0,2.129785170955785e-12,0.0
222.0,0.9046502362990437,0.0953494369576698,0.0
222.0,0.9046502362990437,1.6784794967844277e-07,0.0
223.0,0.8175739435606587,0.18242541583327487,0.0
223.0,0.8175739435606587,5.999532458940552e-07,0.0
224.0,0.999999448776502,3.059020287707785e-07,0.0
224.0,0.999999448776502,1.8553895931777327e-07,0.0
225.0,1.0,9.056076989672867e-11,0.0
225.0,1.0,1.3887943864964021e-11,0.0
226.0,1.0,2.061153622438558e-09,0.0
226.0,1.0,7.582560427911907e-10,0.0
227.0,1.0,3.2661313427874473e-13,0.0
227.0,1.0,0.0,0.0
228.0,0.8807217263099358,0.11919271007391452,1.0
228.0,0.8807217263099358,8.464765039436482e-05,0.0
229.0,0.9999033752947384,9.610239492660866e-05,1.0
229.0,0.9999033752947384,4.4504238100304246e-07,0.0
230.0,0.9958720825370294,0.0040699011701234395,1.0
230.0,0.9958720825370294,5.805404995947212e-05,1.0
231.0,0.9932970166563506,0.006692784245147554,1.0
231.0,0.9932970166563506,1.0062194144297652e-05,1.0
232.0,1.0,8.152020714470167e-09,0.0
232.0,1.0,5.211412487888539e-10,0.0
233.0,1.0,4.752193062771153e-13,0.0
233.0,1.0,0.0,0.0
234.0,1.0,2.2447770550209742e-13,0.0
234.0,1.0,0.0,0.0
235.0,1.0,4.363462252943702e-09,1.0
235.0,1.0,5.4927883509546835e-11,0.0
236.0,1.0,2.2447770550209742e-13,0.0
236.0,1.0,0.0,0.0
237.0,1.0,4.8473687062702556e-11,0.0
237.0,1.0,1.8795288165390832e-12,0.0
238.0,1.0,5.602796437537268e-09,1.0
238.0,1.0,2.9400777392844726e-11,0.0
239.0,0.9999998063873693,1.4449802461092448e-07,0.0
239.0,0.9999998063873693,1.493094676197164e-10,0.0
240.0,0.9998996803452708,9.610202832576476e-05,1.0
240.0,0.9998996803452708,4.222428439623946e-06,0.0
241.0,0.9947796713873331,0.005220125868449866,1.0
241.0,0.9947796713873331,1.4374373157587464e-07,0.0
242.0,0.9036932343690879,0.0952485554994488,0.0
242.0,0.9036932343690879,0.001058115873315957,0.0
243.0,0.9736718237648929,0.017833421918821042,1.0
243.0,0.9736718237648929,0.008423912035369548,1.0
244.0,1.0,4.944450501938644e-09,0.0
244.0,1.0,4.363462252943702e-09,0.0
245.0,0.9241406556544861,0.07585808105656687,1.0
245.0,0.9241406556544861,1.1180876353549223e-06,0.0
246.0,1.0,3.1608814543136926e-10,0.0
246.0,1.0,5.384940217754036e-13,0.0
247.0,1.0,2.289734845645553e-11,0.0
247.0,1.0,0.0,0.0
248.0,0.9999984951481292,1.370956471489639e-06,0.0
248.0,0.9999984951481292,4.847359460656998e-11,0.0
249.0,1.0,1.2015425731771786e-13,0.0
249.0,1.0,0.0,0.0
250.0,0.9999996871837232,1.8553913626159784e-07,0.0
250.0,0.9999996871837232,1.186112015134383e-08,0.0
251.0,0.9999976607241555,2.2603250957489616e-06,1.0
251.0,0.9999976607241555,5.905292735481273e-10,0.0
252.0,1.0,3.331544542166412e-11,0.0
252.0,1.0,1.2256067444099483e-11,0.0
253.0,0.9999998063873693,1.1253517471925912e-07,1.0
253.0,0.9999998063873693,3.398267819495071e-09,0.0
254.0,0.9999975415208362,1.5534957233607605e-06,0.0
254.0,0.9999975415208362,8.315263400842229e-07,0.0
255.0,1.0,5.905303998944039e-10,0.0
255.0,1.0,3.331544542166412e-11,0.0
256.0,0.9999908661546805,4.7850717579110314e-06,0.0
256.0,0.9999908661546805,4.222811005001511e-06,0.0
257.0,1.0,5.789356328730652e-12,0.0
257.0,1.0,1.2015425731771786e-13,0.0
258.0,1.0,2.8823507934443873e-13,0.0
258.0,1.0,1.9810087980489796e-13,0.0
259.0,0.998073226003552,0.0019267342527389902,0.0
259.0,0.998073226003552,0.0,0.0
260.0,0.9998871652931819,9.61008368826802e-05,1.0
260.0,0.9998871652931819,1.669982139399132e-05,0.0
261.0,0.999924591719076,7.484619074298232e-05,0.0
261.0,0.999924591719076,5.043096663096561e-07,0.0
262.0,0.8807937525399026,0.11920248618306951,1.0
262.0,0.8807937525399026,3.7194596925547393e-06,0.0
263.0,0.9999723899264568,2.7535687796947383e-05,0.0
263.0,0.9999723899264568,8.591937186635822e-10,0.0
264.0,0.9999416367033446,5.829127258796956e-05,1.0
264.0,0.9999416367033446,7.052462842117712e-11,0.0
265.0,0.9933071269064123,0.006692851264215723,1.0
265.0,0.9933071269064123,2.6288593960658196e-09,1.0
266.0,1.0,4.363462252943702e-09,1.0
266.0,1.0,9.736200313009565e-10,0.0
267.0,0.9999984951481292,1.370956471489639e-06,0.0
267.0,0.9999984951481292,2.0611496911037635e-09,0.0
268.0,0.9999996871837232,2.382369667501818e-07,0.0
268.0,0.9999996871837232,1.2501528663867426e-09,0.0
269.0,1.0,3.5114221133765118e-12,0.0
269.0,1.0,1.8795288165390832e-12,0.0
270.0,0.9999995679801056,3.927863545481039e-07,0.0
270.0,0.9999995679801056,6.691586091292782e-10,0.0
271.0,1.0,2.289734845645553e-11,0.0
271.0,1.0,3.701011678592672e-13,0.0
272.0,0.8140795230846968,0.18164570247964126,1.0
272.0,0.8140795230846968,0.004271897976002339,0.0
273.0,1.0,1.8189616875530459e-09,0.0
273.0,1.0,2.7346982915918745e-12,0.0
274.0,0.8518912294875896,0.14803649613299086,1.0
274.0,0.8518912294875896,7.225590963038525e-05,0.0
275.0,1.0,2.172439935079017e-10,0.0
275.0,1.0,1.0815941557285693e-11,0.0
276.0,1.0,8.592166619174109e-10,0.0
276.0,1.0,3.97896253583724e-12,0.0
277.0,1.0,2.9989608248573072e-09,0.0
277.0,1.0,2.020683909022217e-11,0.0
278.0,0.999893601583626,9.610138677765298e-05,1.0
278.0,0.999893601583626,1.0129011645684426e-05,0.0
279.0,0.9999998063873693,1.2751905914873347e-07,0.0
279.0,0.9999998063873693,3.398267819495071e-09,0.0
280.0,0.9999986143516758,6.47594599989589e-07,1.0
280.0,0.9999986143516758,6.47594599989589e-07,0.0
281.0,1.0,1.6918979226151304e-10,0.0
281.0,1.0,5.008774637843506e-14,0.0
282.0,1.0,3.331544542166412e-11,0.0
282.0,1.0,0.0,0.0
283.0,0.9999951574562983,4.78509457496562e-06,0.0
283.0,0.9999951574562983,2.1724275043135617e-10,0.0
284.0,0.7772942373179869,0.22269852756338623,1.0
284.0,0.7772942373179869,6.948839026679694e-06,0.0
285.0,0.9999964686909203,3.2887473357670864e-06,0.0
285.0,0.9999964686909203,1.4449747339575647e-07,1.0
286.0,0.9996153990174119,0.0002611581668973188,1.0
286.0,0.9996153990174119,0.00012336238301744907,1.0
287.0,1.0,1.6586783589142312e-12,0.0
287.0,1.0,2.543665647376923e-13,0.0
288.0,1.0,2.2447770550209742e-13,0.0
288.0,1.0,0.0,0.0
289.0,0.9997890912290652,0.0001795223649413295,1.0
289.0,0.9997890912290652,3.119630929340477e-05,1.0
290.0,0.9770156740382362,0.02297720854488464,1.0
290.0,0.9770156740382362,6.802281501130444e-06,0.0
291.0,0.9999955150656735,2.902306569341241e-06,1.0
291.0,0.9999955150656735,1.5534927603056423e-06,1.0
292.0,0.9770226167277287,0.022977367413042835,1.0
292.0,0.9770226167277287,7.964713550268635e-09,0.0
293.0,1.0,1.8189616875530459e-09,0.0
293.0,1.0,2.4616969518153846e-10,0.0
294.0,1.0,6.34880011604368e-09,0.0
294.0,1.0,2.646573638909117e-09,0.0
295.0,1.0,1.493094676197164e-10,0.0
295.0,1.0,5.109089028063325e-12,0.0
296.0,1.0,3.775134544279098e-11,0.0
296.0,1.0,8.878265478459658e-13,0.0
297.0,1.0,2.7894680928689246e-10,0.0
297.0,1.0,3.97896253583724e-12,0.0
298.0,1.0,4.139937718785167e-08,0.0
298.0,1.0,4.363462252943702e-09,0.0
299.0,0.9999784691634502,2.1444937927240387e-05,0.0
299.0,0.9999784691634502,8.151849680063188e-09,0.0
300.0,1.0,2.2447770550209742e-13,0.0
300.0,1.0,1.5428112031918877e-13,0.0
301.0,0.9999993295729128,3.9278597995802437e-07,1.0
301.0,0.9999993295729128,2.6995759288455584e-07,1.0
302.0,0.9770212518438538,0.02297734002190271,1.0
302.0,0.9770212518438538,1.3394563100066523e-06,0.0
303.0,1.0,1.2501528663867426e-09,0.0
303.0,1.0,3.1608814543136926e-10,0.0
304.0,0.6224593113235651,0.377540667992942,1.0
304.0,0.6224593113235651,0.0,1.0
305.0,1.0,4.8473687062702556e-11,0.0
305.0,1.0,5.789356328730652e-12,0.0
306.0,0.9858286839975633,0.014062090916549468,1.0
306.0,0.9858286839975633,0.00010736538906203002,0.0
307.0,1.0,7.194133030325383e-09,0.0
307.0,1.0,4.8473687062702556e-11,0.0
308.0,1.0,6.914400106940203e-13,0.0
308.0,1.0,2.2447770550209742e-13,1.0
309.0,0.9999996871837232,2.382369667501818e-07,0.0
309.0,0.9999996871837232,3.850741922767617e-09,0.0
310.0,0.9979775280025089,0.0019265495951526937,0.0
310.0,0.9979775280025089,9.591725640794775e-05,0.0
311.0,1.0,1.3887943864964021e-11,0.0
311.0,1.0,1.7482341282710566e-13,0.0
312.0,1.0,3.398267819495071e-09,0.0
312.0,1.0,0.0,0.0
313.0,1.0,7.433680672352188e-12,0.0
313.0,1.0,1.006039279283317e-12,0.0
314.0,0.6224509449991763,0.3775355823091025,1.0
314.0,0.6224509449991763,1.3348713081263421e-05,0.0
315.0,0.9984987679933719,0.001501181950907551,1.0
315.0,0.9984987679933719,1.18433063881099e-08,0.0
316.0,0.9980652695068855,0.0019267195529792942,1.0
316.0,0.9980652695068855,7.874058684401373e-06,1.0
317.0,1.0,1.463778514125909e-12,0.0
317.0,1.0,0.0,0.0
318.0,1.0,2.335593038799337e-09,0.0
318.0,1.0,2.7894680928689246e-10,0.0
319.0,1.0,6.691586091292782e-10,0.0
319.0,1.0,5.109089028063325e-12,0.0
320.0,1.0,2.9400777392844726e-11,0.0
320.0,1.0,4.508755242294825e-12,0.0
321.0,0.8164351946763114,0.1821713075952476,1.0
321.0,0.8164351946763114,0.0013908949316550282,1.0
322.0,1.0,1.6918979226151304e-10,0.0
322.0,1.0,2.289734845645553e-11,0.0
323.0,1.0,1.026187963170189e-10,0.0
323.0,1.0,2.129785170955785e-12,0.0
324.0,0.9999645227325883,3.535625324942473e-05,1.0
324.0,0.9999645227325883,1.186069031659762e-08,0.0
325.0,0.9046498453692973,0.09534939149152609,1.0
325.0,0.9046498453692973,5.170080826558853e-07,0.0
326.0,1.0,2.020683909022217e-11,0.0
326.0,1.0,3.97896253583724e-12,0.0
327.0,1.0,4.363462252943702e-09,0.0
327.0,1.0,1.103256032343554e-09,0.0
328.0,0.98901240128152,0.010986936344888492,1.0
328.0,0.98901240128152,5.652214040660776e-07,0.0
329.0,0.9999832372181827,1.6701414089010932e-05,1.0
329.0,0.9999832372181827,2.8452859659935034e-08,0.0
330.0,1.0,1.026187963170189e-10,0.0
330.0,1.0,3.775134544279098e-11,0.0
331.0,1.0,2.8453348089834e-08,1.0
331.0,1.0,5.602796437537268e-09,1.0
332.0,1.0,1.6586783589142312e-12,0.0
332.0,1.0,1.1399918530443554e-12,0.0
333.0,0.9999998063873693,6.82560337633487e-08,0.0
333.0,0.9999998063873693,4.139937718785167e-08,0.0
334.0,0.9999897933314713,1.0129987330277146e-05,0.0
334.0,0.9999897933314713,2.789441490555009e-10,0.0
335.0,1.0,1.2917800047859961e-12,0.0
335.0,1.0,3.2661313427874473e-13,0.0
336.0,0.9999645227325883,3.535625324942473e-05,1.0
336.0,0.9999645227325883,1.7257202582094774e-08,0.0
337.0,1.0,8.592166619174109e-10,0.0
337.0,1.0,2.4616969518153846e-10,0.0
338.0,1.0,1.463778514125909e-12,0.0
338.0,1.0,2.543665647376923e-13,0.0
339.0,1.0,4.363462252943702e-09,1.0
339.0,1.0,7.582560427911907e-10,0.0
340.0,1.0,5.384940217754036e-13,0.0
340.0,1.0,0.0,0.0
341.0,1.0,9.056076989672867e-11,0.0
341.0,1.0,2.9400777392844726e-11,0.0
342.0,1.0,2.215948977336598e-08,0.0
342.0,1.0,1.3440409951135022e-08,0.0
343.0,1.0,4.752193062771153e-13,0.0
343.0,1.0,2.2447770550209742e-13,0.0
344.0,0.999998137537802,1.7603429545652396e-06,0.0
344.0,0.999998137537802,9.237432042950414e-09,0.0
345.0,0.9999995679801056,3.059023205018258e-07,1.0
345.0,0.9999995679801056,1.6052280551856116e-09,0.0
346.0,1.0,1.2917800047859961e-12,0.0
346.0,1.0,0.0,0.0
347.0,1.0,3.775134544279098e-11,0.0
347.0,1.0,2.289734845645553e-11,0.0
348.0,1.0,1.4166087866431961e-09,0.0
348.0,1.0,2.020683909022217e-11,0.0
349.0,0.9811330528303953,0.01797007759287087,1.0
349.0,0.9811330528303953,0.000894677481692082,1.0
350.0,0.9999976607241555,2.2603250957489616e-06,0.0
350.0,0.9999976607241555,6.56018765557689e-12,0.0
351.0,0.9999998063873693,6.023573837886479e-08,0.0
351.0,0.9999998063873693,4.691164021834418e-08,0.0
352.0,0.9999971839107363,2.260322940135999e-06,0.0
352.0,0.9999971839107363,5.043462196197153e-07,0.0
353.0,1.0,2.8453348089834e-08,0.0
353.0,1.0,3.581747930283181e-10,0.0
354.0,0.5121440534099283,0.39885818984101556,1.0
354.0,0.5121440534099283,0.08899728647108683,1.0
355.0,1.0,9.237449661970594e-09,0.0
355.0,1.0,5.109089028063325e-12,0.0
356.0,1.0,3.331544542166412e-11,0.0
356.0,1.0,1.6586783589142312e-12,0.0
357.0,0.999997064707474,2.902312105056987e-06,1.0
357.0,0.999997064707474,2.1724316478941435e-10,0.0
358.0,1.0,4.8473687062702556e-11,0.0
358.0,1.0,1.783247290814639e-11,0.0
359.0,0.9988304590053244,0.0011695103074966034,1.0
359.0,0.9988304590053244,4.053901772162355e-10,1.0
360.0,0.8175744308728488,0.18242550282051248,1.0
360.0,0.8175744308728488,3.8353727834028864e-08,1.0
361.0,1.0,1.026187963170189e-10,0.0
361.0,1.0,3.331544542166412e-11,0.0
362.0,0.9523369451850602,0.04741406000676148,1.0
362.0,0.9523369451850602,0.00024880609294536887,0.0
363.0,0.9999706019217539,2.144477431597237e-05,1.0
363.0,0.9999706019217539,7.889091591407615e-06,1.0
364.0,1.0,1.1399918530443554e-12,0.0
364.0,1.0,0.0,0.0
365.0,1.0,1.8795288165390832e-12,0.0
365.0,1.0,6.914400106940203e-13,0.0
366.0,1.0,1.2256067444099483e-11,0.0
366.0,1.0,5.109089028063325e-12,0.0
367.0,1.0,3.0988191387218256e-12,0.0
367.0,1.0,1.2917800047859961e-12,0.0
368.0,1.0,4.139937718785167e-08,0.0
368.0,1.0,1.917171513758312e-10,0.0
369.0,0.9999939654258196,4.2228271137778295e-06,0.0
369.0,0.9999939654258196,1.7603362394025924e-06,0.0
370.0,0.9999996871837232,2.382369667501818e-07,0.0
370.0,0.9999996871837232,9.545034922840628e-12,0.0
371.0,1.0,1.6586783589142312e-12,0.0
371.0,1.0,1.2917800047859961e-12,0.0
372.0,1.0,1.493094676197164e-10,0.0
372.0,1.0,1.2256067444099483e-11,0.0
373.0,1.0,2.5946094982764667e-11,0.0
373.0,1.0,3.5114221133765118e-12,0.0
374.0,0.6791698309474961,0.32081710220927157,1.0
374.0,0.6791698309474961,1.2853637205577301e-05,1.0
375.0,1.0,9.056076989672867e-11,0.0
375.0,1.0,6.560200168153779e-12,0.0
376.0,1.0,6.101936677605324e-13,0.0
376.0,1.0,0.0,0.0
377.0,1.0,9.545034922840628e-12,0.0
377.0,1.0,2.543665647376923e-13,0.0
378.0,0.8519528238199198,0.14804720844715558,1.0
378.0,0.8519528238199198,1.8878824977051945e-08,0.0
379.0,0.999405917704529,0.00029586889054937575,1.0
379.0,0.999405917704529,0.00029586889054937575,1.0
380.0,0.955076010940143,0.022461237325025384,1.0
380.0,0.955076010940143,0.022461237325025384,1.0
381.0,0.9999869324773292,1.3007123989067183e-05,0.0
381.0,0.9999869324773292,3.331500061544859e-11,0.0
382.0,1.0,1.006039279283317e-12,0.0
382.0,1.0,0.0,0.0
383.0,1.0,4.508755242294825e-12,0.0
383.0,1.0,0.0,0.0
384.0,0.9523892863074008,0.04741667139341203,1.0
384.0,0.9523892863074008,0.00019378109835763247,1.0
385.0,0.9994402138837102,0.0005527748363909643,1.0
385.0,0.9994402138837102,6.958408268527641e-06,1.0
386.0,1.0,3.398267819495071e-09,0.0
386.0,1.0,2.9989608248573072e-09,0.0
387.0,1.0,1.103256032343554e-09,0.0
387.0,1.0,2.7894680928689246e-10,0.0
388.0,1.0,7.194133030325383e-09,0.0
388.0,1.0,3.2661313427874473e-13,0.0
389.0,1.0,8.878265478459658e-13,0.0
389.0,1.0,0.0,0.0
390.0,1.0,2.543665647376923e-13,0.0
390.0,1.0,0.0,0.0
391.0,1.0,3.331544542166412e-11,0.0
391.0,1.0,3.5114221133765118e-12,0.0
392.0,0.9999984951481292,1.370956471489639e-06,0.0
392.0,0.9999984951481292,2.0206800548772015e-11,0.0
393.0,0.9999715555230154,2.7535661536881667e-05,0.0
393.0,0.9999715555230154,8.315049292164037e-07,0.0
394.0,1.0,2.413362771833214e-12,0.0
394.0,1.0,1.006039279283317e-12,0.0
395.0,1.0,1.3887943864964021e-11,0.0
395.0,1.0,0.0,0.0
396.0,1.0,2.172439935079017e-10,0.0
396.0,1.0,2.7346982915918745e-12,0.0
397.0,1.0,3.701011678592672e-13,0.0
397.0,1.0,0.0,0.0
398.0,0.9999412791109633,5.829121699710653e-05,1.0
398.0,0.9999412791109633,3.927631306386937e-07,0.0
399.0,0.9220295742861406,0.07568479859205458,1.0
399.0,0.9220295742861406,0.002285482337423707,1.0
400.0,1.0,4.363462252943702e-09,0.0
400.0,1.0,1.2917800047859961e-12,0.0
401.0,1.0,7.991959892953932e-11,0.0
401.0,1.0,1.6586783589142312e-12,0.0
402.0,1.0,5.109089028063325e-12,0.0
402.0,1.0,1.6586783589142312e-12,0.0
403.0,1.0,5.905303998944039e-10,0.0
403.0,1.0,4.058652126475693e-10,0.0
404.0,1.0,3.5114221133765118e-12,0.0
404.0,1.0,1.7482341282710566e-13,0.0
405.0,0.9999038520641101,9.610239492660866e-05,1.0
405.0,0.9999038520641101,2.8450634696491827e-08,0.0
406.0,1.0,3.581747930283181e-10,0.0
406.0,1.0,2.9400777392844726e-11,0.0
407.0,0.9999410407209638,5.829121699710653e-05,0.0
407.0,0.9999410407209638,5.714669830578664e-07,0.0
408.0,0.7235119395475741,0.26616517593396816,1.0
408.0,0.7235119395475741,0.010320341388669111,1.0
409.0,1.0,1.9555681087850496e-08,0.0
409.0,1.0,2.061153622438558e-09,0.0
410.0,0.9626729941518225,0.03732687913383872,1.0
410.0,0.9626729941518225,1.6613635410569365e-08,0.0
411.0,0.9999980183344259,1.067701973552941e-06,0.0
411.0,0.9999980183344259,8.315271330899149e-07,0.0
412.0,1.0,5.384940217754036e-13,0.0
412.0,1.0,0.0,0.0
413.0,1.0,6.691586091292782e-10,1.0
413.0,1.0,2.4616969518153846e-10,0.0
414.0,1.0,1.026187963170189e-10,0.0
414.0,1.0,4.8473687062702556e-11,0.0
415.0,1.0,2.061153622438558e-09,0.0
415.0,1.0,3.701011678592672e-13,0.0
416.0,0.9998415274892719,0.0001584362410990077,0.0
416.0,0.9998415274892719,2.2155981983612878e-08,0.0
417.0,0.9999962302845802,3.7266389560521204e-06,0.0
417.0,0.9999962302845802,3.16086939653085e-10,0.0
418.0,0.9997385791587768,0.0002611902975925828,1.0
418.0,0.9997385791587768,1.4446027123271888e-07,0.0
419.0,0.9706827522758169,0.029312079088110246,1.0
419.0,0.9706827522758169,4.644830894199651e-06,1.0
420.0,1.0,7.194133030325383e-09,0.0
420.0,1.0,5.905303998944039e-10,1.0
421.0,0.9999995679801056,1.8553913626159784e-07,0.0
421.0,0.9999995679801056,6.82560337633487e-08,0.0
422.0,1.0,5.109089028063325e-12,0.0
422.0,1.0,1.463778514125909e-12,0.0
423.0,0.7772998664755185,0.2227001469810028,1.0
423.0,0.7772998664755185,9.717443801221145e-10,1.0
424.0,0.9999869324773292,1.3007123989067183e-05,1.0
424.0,0.9999869324773292,1.522977640390277e-08,0.0
425.0,0.49973870098130696,0.49973870098130696,1.0
425.0,0.49973870098130696,0.0005163788812219779,1.0
426.0,1.0,5.4927883509546835e-11,0.0
426.0,1.0,1.57371021068629e-11,0.0
427.0,1.0,7.835041785064389e-13,0.0
427.0,1.0,4.1937956583795446e-13,0.0
428.0,0.9856112703841658,0.008527206473560752,0.0
428.0,0.9856112703841658,0.005860657587315279,1.0
429.0,1.0,2.543665647376923e-13,0.0
429.0,1.0,1.3615261080896538e-13,0.0
430.0,0.999999448776502,5.043471815847051e-07,1.0
430.0,0.999999448776502,2.335593038799337e-09,0.0
431.0,1.0,9.056076989672867e-11,0.0
431.0,1.0,4.277787868968998e-11,0.0
432.0,0.9859362040766612,0.014063626520379485,1.0
432.0,0.9859362040766612,9.79152066625884e-08,0.0
433.0,0.9999988527586979,1.0677029917933763e-06,0.0
433.0,0.9999988527586979,2.461692256505547e-10,0.0
434.0,0.996821165642214,0.0024708727721535063,1.0
434.0,0.996821165642214,0.0007079169016532151,1.0
435.0,0.9892904601974642,0.00666578561973588,0.0
435.0,0.9892904601974642,0.004043003349441388,0.0
436.0,1.0,1.186112015134383e-08,0.0
436.0,1.0,6.691586091292782e-10,0.0
437.0,0.9999976607241555,2.2603250957489616e-06,0.0
437.0,0.9999976607241555,5.211402547917536e-10,0.0
438.0,1.0,5.602796437537268e-09,0.0
438.0,1.0,7.287724095819692e-14,0.0
439.0,0.9999869324773292,1.1478746631885576e-05,1.0
439.0,0.9999869324773292,1.5534794266275484e-06,0.0
440.0,1.0,4.8473687062702556e-11,0.0
440.0,1.0,2.020683909022217e-11,0.0
441.0,0.9706865798987933,0.029312197893603203,1.0
441.0,0.9706865798987933,1.1744016458490411e-06,0.0
442.0,0.9999995679801056,3.927863545481039e-07,1.0
442.0,0.9999995679801056,1.522997974471263e-08,0.0
443.0,1.0,2.7894680928689246e-10,0.0
443.0,1.0,3.2661313427874473e-13,0.0
444.0,0.8175009718386463,0.18240912820406974,1.0
444.0,0.8175009718386463,8.903305969235693e-05,1.0
445.0,0.9999951574562983,4.78509457496562e-06,0.0
445.0,0.9999951574562983,1.7257729238158885e-08,0.0
446.0,0.9808608164583046,0.013991227127826938,1.0
446.0,0.9808608164583046,0.0051470848170876975,1.0
447.0,0.9999723899264568,2.7535687796947383e-05,1.0
447.0,0.9999723899264568,1.0815652744342992e-11,0.0
448.0,0.9105393220144212,0.07474161175526993,0.0
448.0,0.9105393220144212,0.014717499487116582,0.0
449.0,1.0,1.9555681087850496e-08,0.0
449.0,1.0,1.2501528663867426e-09,0.0
450.0,1.0,1.2256067444099483e-11,0.0
450.0,1.0,3.5114221133765118e-12,0.0
451.0,0.9995694234965996,0.0004305571096741222,0.0
451.0,0.9995694234965996,6.688702232503001e-10,0.0
452.0,0.9990524267623823,0.0009110179545601267,0.0
452.0,0.9990524267623823,3.532399950854463e-05,1.0
453.0,1.0,4.508755242294825e-12,0.0
453.0,1.0,6.101936677605324e-13,0.0
454.0,1.0,4.508755242294825e-12,0.0
454.0,1.0,3.5114221133765118e-12,0.0
455.0,1.0,5.384940217754036e-13,0.0
455.0,1.0,0.0,0.0
456.0,1.0,4.139937718785167e-08,0.0
456.0,1.0,2.172439935079017e-10,0.0
457.0,0.9999983759447105,8.315271330899149e-07,0.0
457.0,0.9999983759447105,7.338201193668986e-07,0.0
458.0,1.0,4.058652126475693e-10,0.0
458.0,1.0,5.109089028063325e-12,0.0
459.0,1.0,1.6586783589142312e-12,0.0
459.0,1.0,0.0,0.0
460.0,0.970687588788232,0.029312225847906822,1.0
460.0,0.970687588788232,1.7656431465145331e-09,1.0
461.0,0.9998765647550606,0.0001233946226544279,0.0
461.0,0.9998765647550606,9.734993316488287e-10,0.0
462.0,1.0,2.510999155743982e-08,0.0
462.0,1.0,5.905303998944039e-10,0.0
463.0,0.9999996871837232,1.8553913626159784e-07,1.0
463.0,0.9999996871837232,9.056076989672867e-11,0.0
464.0,1.0,2.289734845645553e-11,0.0
464.0,1.0,1.783247290814639e-11,0.0
465.0,1.0,3.97896253583724e-12,0.0
465.0,1.0,7.835041785064389e-13,0.0
466.0,0.9999984951481292,1.370956471489639e-06,0.0
466.0,0.9999984951481292,3.581741098647678e-10,0.0
467.0,1.0,4.508755242294825e-12,0.0
467.0,1.0,0.0,0.0
468.0,0.9967999692730597,0.003172595363605335,1.0
468.0,0.9967999692730597,2.744832808874704e-05,0.0
469.0,0.9999996871837232,1.8553913626159784e-07,0.0
469.0,0.9999996871837232,3.2241867372567335e-08,0.0
470.0,0.9981644375623129,0.0015006795298289166,1.0
470.0,0.9981644375623129,0.0003348470234896616,0.0
471.0,0.9684477725114937,0.017737741468031795,1.0
471.0,0.9684477725114937,0.013814166945221293,1.0
472.0,1.0,2.543665647376923e-13,0.0
472.0,1.0,0.0,0.0
473.0,0.9998665529264957,0.00010889422993620245,0.0
473.0,0.9998665529264957,2.4297586964904793e-05,0.0
474.0,0.9999661915247927,1.8924874717665766e-05,0.0
474.0,0.9999661915247927,1.4738707249646331e-05,1.0
475.0,1.0,1.8189616875530459e-09,0.0
475.0,1.0,6.224144622907783e-11,0.0
476.0,1.0,1.6586783589142312e-12,0.0
476.0,1.0,0.0,0.0
477.0,1.0,5.602796437537268e-09,0.0
477.0,1.0,8.423463754468647e-12,0.0
478.0,1.0,1.8795288165390832e-12,0.0
478.0,1.0,1.6586783589142312e-12,0.0
479.0,1.0,1.8795288165390832e-12,0.0
479.0,1.0,1.463778514125909e-12,0.0
480.0,0.8807867307733103,0.119201519904015,1.0
480.0,0.8807867307733103,1.1456655006204103e-05,1.0
481.0,0.9994458096436887,0.0005527777358179716,1.0
481.0,0.9994458096436887,8.31068109318202e-07,0.0
482.0,1.0,1.6586783589142312e-12,0.0
482.0,1.0,3.2661313427874473e-13,0.0
483.0,1.0,5.4927883509546835e-11,0.0
483.0,1.0,1.57371021068629e-11,0.0
484.0,1.0,7.835041785064389e-13,0.0
484.0,1.0,0.0,0.0
485.0,0.9241417710874382,0.07585817148650026,1.0
485.0,0.9241417710874382,4.335300369195682e-08,0.0
486.0,1.0,3.0988191387218256e-12,0.0
486.0,1.0,1.1399918530443554e-12,0.0
487.0,0.9399132588278407,0.060086648833494447,1.0
487.0,0.9399132588278407,5.661635987743473e-08,1.0
488.0,1.0,5.789356328730652e-12,0.0
488.0,1.0,4.420228103641173e-14,0.0
489.0,0.9968140618410862,1.009782004781995e-05,1.0
489.0,0.9968140618410862,1.5485508586394823e-06,1.0
490.0,1.0,3.850741922767617e-09,0.0
490.0,1.0,1.6918979226151304e-10,0.0
491.0,1.0,3.398267819495071e-09,0.0
491.0,1.0,2.4616969518153846e-10,0.0
492.0,1.0,4.277787868968998e-11,0.0
492.0,1.0,1.2917800047859961e-12,0.0
493.0,0.8807969025094596,0.11920288406495688,1.0
493.0,0.8807969025094596,8.747364145599655e-08,1.0
494.0,1.0,1.7257827987960214e-08,0.0
494.0,1.0,6.224144622907783e-11,0.0
495.0,1.0,5.109089028063325e-12,0.0
495.0,1.0,1.6586783589142312e-12,0.0
496.0,0.9999937270200764,6.144171336422507e-06,0.0
496.0,0.9999937270200764,5.3157548373442334e-08,0.0
497.0,0.6169809136955511,0.374217840613866,1.0
497.0,0.6169809136955511,0.00880075902120913,0.0
498.0,0.9999722707259225,2.7535687796947383e-05,0.0
498.0,0.9999722707259225,1.2751553245960644e-07,0.0
499.0,1.0,6.34880011604368e-09,0.0
499.0,1.0,1.4166087866431961e-09,0.0
500.0,1.0,2.061153622438558e-09,0.0
500.0,1.0,7.582560427911907e-10,0.0
501.0,1.0,6.914400106940203e-13,0.0
501.0,1.0,2.2447770550209742e-13,0.0
502.0,1.0,3.331544542166412e-11,0.0
502.0,1.0,2.129785170955785e-12,0.0
503.0,1.0,1.6052280551856116e-09,0.0
503.0,1.0,9.056076989672867e-11,0.0
504.0,1.0,7.991959892953932e-11,0.0
504.0,1.0,7.433680672352188e-12,0.0
505.0,1.0,2.020683909022217e-11,0.0
505.0,1.0,2.2447770550209742e-13,0.0
506.0,0.9999832372181827,1.3007074370921508e-05,1.0
506.0,0.9999832372181827,3.7265892003862515e-06,0.0
507.0,0.9999980183344259,1.7603429545652396e-06,0.0
507.0,0.9999980183344259,1.6373740075447596e-07,0.0
508.0,0.8175744308728488,0.18242550282051248,1.0
508.0,0.8175744308728488,1.8117018201727317e-08,1.0
509.0,0.9819258366142087,0.01798459900544512,1.0
509.0,0.9819258366142087,1.4472807394706681e-05,1.0
510.0,0.9999998063873693,9.931194312156244e-08,0.0
510.0,0.9999998063873693,2.8453348089834e-08,0.0
511.0,0.9820137760522224,0.017986211314027313,0.0
511.0,0.9820137760522224,8.43762271717461e-10,0.0
512.0,0.9768712827400807,0.02297381231598923,1.0
512.0,0.9768712827400807,0.0001547963297520724,1.0
513.0,0.9994471201618464,0.0005527785265734312,1.0
513.0,0.9994471201618464,1.954486722340847e-08,0.0
514.0,0.9999937270200764,6.144171336422507e-06,0.0
514.0,0.9999937270200764,3.511402020915495e-12,0.0
515.0,0.9999783499621913,2.1444937927240387e-05,0.0
515.0,0.9999783499621913,1.275162621114235e-07,0.0
516.0,1.0,1.6918979226151304e-10,0.0
516.0,1.0,0.0,0.0
517.0,1.0,3.398267819495071e-09,0.0
517.0,1.0,7.835041785064389e-13,1.0
518.0,0.9999723899264568,2.7535687796947383e-05,0.0
518.0,0.9999723899264568,5.3156433095392757e-08,0.0
519.0,0.9975272845688867,0.002472623024627213,0.0
519.0,0.9975272845688867,7.715297184529108e-08,0.0
520.0,1.0,5.789356328730652e-12,0.0
520.0,1.0,2.2447770550209742e-13,0.0
521.0,0.9980731070239589,0.0019267342527389902,1.0
521.0,0.9980731070239589,6.011969594951196e-08,0.0
522.0,0.9999919389781311,7.88926463665814e-06,0.0
522.0,0.9999919389781311,6.02352788184049e-08,0.0
523.0,0.9999987335551229,8.315279260963632e-07,0.0
523.0,0.9999987335551229,3.4663241069161144e-07,0.0
524.0,1.0,7.433680672352188e-12,0.0
524.0,1.0,3.97896253583724e-12,0.0
525.0,0.9999962302845802,3.7266389560521204e-06,0.0
525.0,0.9999962302845802,1.5737042074697027e-11,0.0
526.0,1.0,2.129785170955785e-12,0.0
526.0,1.0,0.0,0.0
527.0,1.0,2.510999155743982e-08,0.0
527.0,1.0,1.9555681087850496e-08,0.0
528.0,1.0,8.878265478459658e-13,0.0
528.0,1.0,0.0,0.0
529.0,1.0,4.8473687062702556e-11,0.0
529.0,1.0,2.129785170955785e-12,0.0
530.0,0.9770222764165042,0.022977361934812198,0.0
530.0,0.9770222764165042,2.9887338599134536e-07,0.0
531.0,1.0,5.789356328730652e-12,0.0
531.0,1.0,2.8823507934443873e-13,0.0
532.0,0.9990375515205259,0.0009110044880360693,1.0
532.0,0.9990375515205259,5.139533177840036e-05,0.0
533.0,0.9999250684985642,7.484619074298232e-05,1.0
533.0,0.9999250684985642,2.5108123780094867e-08,0.0
534.0,1.0,3.5114221133765118e-12,0.0
534.0,1.0,4.752193062771153e-13,0.0
535.0,1.0,3.97896253583724e-12,0.0
535.0,1.0,0.0,0.0
536.0,0.999997303114013,1.994727993510925e-06,0.0
536.0,0.999997303114013,5.714991385721822e-07,0.0
537.0,1.0,1.8795288165390832e-12,0.0
537.0,1.0,7.835041785064389e-13,0.0
538.0,1.0,2.5946094982764667e-11,0.0
538.0,1.0,6.914400106940203e-13,0.0
539.0,0.9239183533327229,0.07583983450170817,1.0
539.0,0.9239183533327229,0.00024138168396223682,1.0
540.0,0.9999723899264568,2.7535687796947383e-05,0.0
540.0,0.9999723899264568,2.061098584433785e-09,0.0
541.0,0.9999005146832811,9.610211997584463e-05,1.0
541.0,0.9999005146832811,3.2884337113353752e-06,1.0
542.0,0.9947728373729766,0.005220088531333626,0.0
542.0,0.9947728373729766,6.9259146141345375e-06,0.0
543.0,0.5619782352378491,0.437669089672323,1.0
543.0,0.5619782352378491,0.0003522068059568284,1.0
544.0,1.0,8.592166619174109e-10,0.0
544.0,1.0,5.4927883509546835e-11,0.0
545.0,1.0,2.510999155743982e-08,0.0
545.0,1.0,1.6586783589142312e-12,0.0
546.0,1.0,2.7894680928689246e-10,0.0
546.0,1.0,2.4616969518153846e-10,1.0
547.0,0.9890101833003083,0.010986910150022199,1.0
547.0,0.9890101833003083,2.870425663723137e-06,1.0
548.0,1.0,4.363462252943702e-09,0.0
548.0,1.0,1.103256032343554e-09,0.0
549.0,1.0,2.020683909022217e-11,0.0
549.0,1.0,4.1937956583795446e-13,0.0
550.0,0.9999998063873693,6.82560337633487e-08,0.0
550.0,0.9999998063873693,1.026187963170189e-10,0.0
551.0,0.9975256269669018,0.0024726183084775653,1.0
551.0,0.9975256269669018,1.7559901960639523e-06,0.0
552.0,0.9999920581810099,7.88926463665814e-06,0.0
552.0,0.9999920581810099,4.3634289624956445e-09,0.0
553.0,0.9999943230347685,4.2228271137778295e-06,0.0
553.0,0.9999943230347685,1.370951241715711e-06,0.0
554.0,0.9997964803243284,0.00020342704214340812,1.0
554.0,0.9997964803243284,3.581017019174275e-10,0.0
555.0,0.9999995679801056,2.699578503363014e-07,0.0
555.0,0.9999995679801056,4.691164021834418e-08,0.0
556.0,0.9999976607241555,2.2603250957489616e-06,0.0
556.0,0.9999976607241555,3.850734578067279e-09,0.0
557.0,0.9999250684985642,7.484619074298232e-05,0.0
557.0,0.9999250684985642,2.6463767766253048e-09,0.0
558.0,1.0,4.691164021834418e-08,0.0
558.0,1.0,2.061153622438558e-09,0.0
559.0,0.999996587894339,3.2887473357670864e-06,1.0
559.0,0.999996587894339,2.8453239549131867e-08,0.0
560.0,0.9999998063873693,1.1253517471925912e-07,0.0
560.0,0.9999998063873693,8.878265478459658e-13,0.0
561.0,1.0,6.691586091292782e-10,1.0
561.0,1.0,1.493094676197164e-10,0.0
562.0,0.9975123386122612,0.002472585295681899,1.0
562.0,0.9975123386122612,1.4702529600541392e-05,1.0
563.0,1.0,2.7346982915918745e-12,0.0
563.0,1.0,2.413362771833214e-12,0.0
564.0,1.0,1.6918979226151304e-10,0.0
564.0,1.0,2.9400777392844726e-11,0.0
565.0,1.0,1.463778514125909e-12,0.0
565.0,1.0,1.3615261080896538e-13,0.0
566.0,1.0,6.560200168153779e-12,0.0
566.0,1.0,2.129785170955785e-12,0.0
567.0,0.8921253545747534,0.07323010904822068,1.0
567.0,0.8921253545747534,0.034591454167956594,1.0
568.0,0.999999091165777,8.315279260963632e-07,0.0
568.0,0.999999091165777,4.691164021834418e-08,0.0
569.0,0.970687588788232,0.029312225847906822,1.0
569.0,0.970687588788232,1.092364733927805e-07,1.0
570.0,0.9999936078174534,6.144171336422507e-06,0.0
570.0,0.9999936078174534,9.931137485569145e-08,0.0
571.0,1.0,2.646573638909117e-09,0.0
571.0,1.0,2.4616969518153846e-10,0.0
572.0,1.0,1.026187963170189e-10,0.0
572.0,1.0,0.0,0.0
573.0,0.9820137760522224,0.017986211314027313,1.0
573.0,0.9820137760522224,7.446175913084011e-10,1.0
574.0,0.7310581862862027,0.26894127703477644,0.0
574.0,0.7310581862862027,4.7342989808920954e-07,0.0
575.0,0.9999862172648452,1.3007123989067183e-05,0.0
575.0,0.9999862172648452,7.338117215101431e-07,0.0
576.0,0.9999998063873693,8.764248219443636e-08,1.0
576.0,0.9999998063873693,4.8473687062702556e-11,0.0
577.0,1.0,1.8795288165390832e-12,0.0
577.0,1.0,1.2917800047859961e-12,0.0
578.0,0.9998415274892719,0.0001584362410990077,1.0
578.0,0.9998415274892719,8.15073027073605e-09,0.0
579.0,0.9999984951481292,1.370956471489639e-06,0.0
579.0,0.9999984951481292,6.56018765557689e-12,0.0
580.0,0.9999998063873693,1.4449802461092448e-07,1.0
580.0,0.9999998063873693,1.2917800047859961e-12,0.0
581.0,0.9995614403232902,0.00043055361949258177,1.0
581.0,0.9995614403232902,7.885864616863589e-06,1.0
582.0,0.8519428709303531,0.14804547889420955,1.0
582.0,0.8519428709303531,1.1081478964877536e-05,1.0
583.0,1.0,4.139937718785167e-08,0.0
583.0,1.0,2.335593038799337e-09,0.0
584.0,0.9046460439233305,0.09534898229720824,1.0
584.0,0.9046460439233305,4.905217401546154e-06,0.0
585.0,1.0,2.5946094982764667e-11,1.0
585.0,1.0,4.752193062771153e-13,0.0
586.0,0.9984987679933719,0.001501181950907551,0.0
586.0,0.9984987679933719,1.6893569257594472e-10,0.0
587.0,0.77729942633416,0.22270001424141084,1.0
587.0,0.77729942633416,3.4596463325396995e-07,0.0
588.0,1.0,8.592166619174109e-10,1.0
588.0,1.0,1.917171513758312e-10,0.0
589.0,0.9999784691634502,2.1444937927240387e-05,0.0
589.0,0.9999784691634502,1.0261664331157549e-10,0.0
590.0,0.9399115711305791,0.06008653422741624,1.0
590.0,0.9399115711305791,1.8748727695578007e-06,0.0
591.0,1.0,7.991959892953932e-11,0.0
591.0,1.0,4.1937956583795446e-13,0.0
592.0,1.0,5.3157852544244216e-08,0.0
592.0,1.0,3.1608814543136926e-10,0.0
593.0,0.9770217086247783,0.022977350978354842,1.0
593.0,0.9770217086247783,9.20593961276489e-07,1.0
594.0,1.0,1.186112015134383e-08,0.0
594.0,1.0,6.224144622907783e-11,0.0
595.0,1.0,1.783247290814639e-11,0.0
595.0,1.0,1.783247290814639e-11,0.0
596.0,1.0,9.237449661970594e-09,0.0
596.0,1.0,2.061153622438558e-09,0.0
597.0,0.9999038520641101,9.610239492660866e-05,0.0
597.0,0.9999038520641101,1.3175257719689496e-10,0.0
598.0,1.0,7.194133030325383e-09,0.0
598.0,1.0,5.4927883509546835e-11,0.0
599.0,0.9999976607241555,2.2603250957489616e-06,0.0
599.0,0.9999976607241555,2.789462772385846e-10,0.0
600.0,0.9999989719621736,9.422445831379603e-07,0.0
600.0,0.9999989719621736,3.224180587614433e-08,0.0
601.0,0.9999083813735681,7.484497731169222e-05,0.0
601.0,0.9999083813735681,1.6700171773863484e-05,0.0
602.0,1.0,2.061153622438558e-09,0.0
602.0,1.0,3.581747930283181e-10,0.0
603.0,1.0,1.3615261080896538e-13,0.0
603.0,1.0,0.0,0.0
604.0,0.7766406520687804,0.22251125899162655,0.0
604.0,0.7766406520687804,0.0008025009040276491,1.0
605.0,0.9999742971332993,2.1444856121450347e-05,1.0
605.0,0.9999742971332993,4.222742543387703e-06,1.0
606.0,0.4999941280246428,0.4999941280246428,1.0
606.0,0.4999941280246428,1.0722576314039194e-05,0.0
607.0,1.0,2.289734845645553e-11,0.0
607.0,1.0,2.7346982915918745e-12,0.0
608.0,1.0,1.1399918530443554e-12,0.0
608.0,1.0,2.543665647376923e-13,0.0
609.0,0.9994464053018153,0.0005527782629881523,0.0
609.0,0.9994464053018153,5.71184201479484e-07,0.0
610.0,1.0,3.0988191387218256e-12,0.0
610.0,1.0,6.431393941452e-14,0.0
611.0,1.0,6.691586091292782e-10,0.0
611.0,1.0,7.433680672352188e-12,0.0
612.0,0.9999037328662894,9.610239492660866e-05,0.0
612.0,0.9999037328662894,7.733684330360017e-08,0.0
613.0,0.8172864800029499,0.18236127403978333,1.0
613.0,0.8172864800029499,0.0003520400757578545,0.0
614.0,0.991422430108248,0.008577484930474293,1.0
614.0,0.991422430108248,0.0,1.0
615.0,0.7033138058495115,0.20150278507913233,1.0
615.0,0.7033138058495115,0.09518317595554332,1.0
616.0,0.993211852823263,0.006692209823519823,0.0
616.0,0.993211852823263,9.545924629078938e-05,0.0
617.0,1.0,6.691586091292782e-10,0.0
617.0,1.0,1.493094676197164e-10,0.0
618.0,0.9998634540488807,0.00010889391838775723,1.0
618.0,0.9998634540488807,2.753269431075559e-05,1.0
619.0,0.999998137537802,1.7603429545652396e-06,0.0
619.0,0.999998137537802,2.2159447507533765e-08,0.0
620.0,1.0,6.224144622907783e-11,0.0
620.0,1.0,2.5946094982764667e-11,0.0
621.0,1.0,1.1399918530443554e-12,0.0
621.0,1.0,0.0,0.0
622.0,1.0,3.0988191387218256e-12,0.0
622.0,1.0,1.8795288165390832e-12,0.0
623.0,0.9999998063873693,1.4449802461092448e-07,0.0
623.0,0.9999998063873693,3.2241867372567335e-08,0.0
624.0,0.9999897933314713,1.0129987330277146e-05,0.0
624.0,0.9999897933314713,2.2897130091365408e-11,0.0
625.0,1.0,2.510999155743982e-08,1.0
625.0,1.0,1.7257827987960214e-08,1.0
626.0,1.0,3.775134544279098e-11,0.0
626.0,1.0,3.97896253583724e-12,0.0
627.0,0.977011692250639,0.022977109937614794,1.0
627.0,0.977011692250639,1.1215023418202993e-05,0.0
628.0,1.0,0.0,0.0
628.0,1.0,0.0,0.0
629.0,0.9988271288917451,0.0011695064038413179,1.0
629.0,0.9988271288917451,3.2849012312065617e-06,0.0
630.0,0.999990508546513,7.889249589094372e-06,1.0
630.0,0.999990508546513,1.5534853526925723e-06,1.0
631.0,1.0,2.020683909022217e-11,0.0
631.0,1.0,0.0,0.0
632.0,0.9984987679933719,0.001501181950907551,1.0
632.0,0.9984987679933719,4.356908935680043e-09,1.0
633.0,1.0,5.384940217754036e-13,0.0
633.0,1.0,0.0,0.0
634.0,0.9999862172648452,8.939656865590738e-06,1.0
634.0,0.9999862172648452,4.785053504345697e-06,1.0
635.0,0.9975173215793491,0.002472598264941916,1.0
635.0,0.9975173215793491,1.0104939149548814e-05,1.0
636.0,0.5448777790870664,0.42435124103121524,0.0
636.0,0.5448777790870664,0.030739902629725233,1.0
637.0,0.9626657069471087,0.03732660325279219,1.0
637.0,0.9626657069471087,7.5947848952906395e-06,0.0
638.0,1.0,5.109089028063325e-12,0.0
638.0,1.0,3.97896253583724e-12,0.0
639.0,1.0,6.691586091292782e-10,0.0
639.0,1.0,9.056076989672867e-11,0.0
640.0,1.0,9.545034922840628e-12,0.0
640.0,1.0,6.560200168153779e-12,0.0
641.0,0.9999828796127436,1.6701414089010932e-05,1.0
641.0,0.9999828796127436,3.92779611981329e-07,0.0
642.0,1.0,2.9400777392844726e-11,0.0
642.0,1.0,1.0815941557285693e-11,0.0
643.0,1.0,1.3887943864964021e-11,0.0
643.0,1.0,1.0603575991523846e-13,0.0
644.0,0.9999996871837232,1.8553913626159784e-07,0.0
644.0,0.9999996871837232,1.522997974471263e-08,0.0
645.0,1.0,1.8795288165390832e-12,0.0
645.0,1.0,2.8823507934443873e-13,0.0
646.0,0.9980728690648153,0.0019267342527389902,1.0
646.0,0.9980728690648153,3.4596463325396995e-07,0.0
647.0,0.9997963611393074,0.0002034268481403553,1.0
647.0,0.9997963611393074,7.732843578626289e-08,0.0
648.0,0.9999984951481292,1.370956471489639e-06,1.0
648.0,0.9999984951481292,1.955564378838448e-08,0.0
649.0,0.988989193780856,0.010986679637891787,1.0
649.0,0.988989193780856,2.4033252666258404e-05,1.0
650.0,1.0,3.0988191387218256e-12,0.0
650.0,1.0,7.835041785064389e-13,0.0
651.0,0.9859356191677364,0.014063613108266473,1.0
651.0,0.9859356191677364,6.384873517764809e-07,0.0
652.0,0.9997386983078135,0.0002611902975925828,1.0
652.0,0.9997386983078135,5.601332580204374e-09,0.0
653.0,1.0,1.186112015134383e-08,0.0
653.0,1.0,7.582560427911907e-10,0.0
654.0,1.0,4.058652126475693e-10,0.0
654.0,1.0,1.3887943864964021e-11,0.0
655.0,1.0,5.384940217754036e-13,0.0
655.0,1.0,0.0,0.0
656.0,0.880796810635188,0.11920288406495688,1.0
656.0,0.880796810635188,2.3777801003897724e-07,0.0
657.0,0.9999545100305701,4.539785156619626e-05,0.0
657.0,0.9999545100305701,4.508548852583217e-12,0.0
658.0,0.9999645227325883,3.535625324942473e-05,1.0
658.0,0.9999645227325883,1.343992288455728e-08,0.0
659.0,1.0,3.2661313427874473e-13,0.0
659.0,1.0,0.0,0.0
660.0,1.0,1.3615261080896538e-13,0.0
660.0,1.0,0.0,0.0
661.0,1.0,3.5114221133765118e-12,0.0
661.0,1.0,2.413362771833214e-12,0.0
662.0,1.0,5.109089028063325e-12,0.0
662.0,1.0,3.97896253583724e-12,0.0
663.0,1.0,2.061153622438558e-09,0.0
663.0,1.0,1.6918979226151304e-10,0.0
664.0,0.9933058317821655,0.006692841690022039,0.0
664.0,0.9933058317821655,1.0605565629908365e-06,0.0
665.0,0.9995294000814177,0.00043053986434669526,0.0
665.0,0.9995294000814177,4.004642647140746e-05,0.0
666.0,1.0,7.835041785064389e-13,0.0
666.0,1.0,1.3615261080896538e-13,0.0
667.0,1.0,2.9989608248573072e-09,0.0
667.0,1.0,5.905303998944039e-10,0.0
668.0,0.9398856643074802,0.06008488678919812,1.0
668.0,0.9398856643074802,2.932713346518016e-05,1.0
669.0,0.9751800947811852,0.02293403716300508,1.0
669.0,0.9751800947811852,0.0018825404089657157,1.0
670.0,0.9525543217654534,0.04742489085194195,1.0
670.0,0.9525543217654534,2.0427922842485917e-05,0.0
671.0,0.9999951574562983,4.78509457496562e-06,1.0
671.0,0.9999951574562983,0.0,0.0
672.0,1.0,1.103256032343554e-09,0.0
672.0,1.0,1.0815941557285693e-11,0.0
673.0,1.0,9.237449661970594e-09,1.0
673.0,1.0,3.0988191387218256e-12,0.0
674.0,0.9999996871837232,1.8553913626159784e-07,1.0
674.0,0.9999996871837232,3.581747930283181e-10,0.0
675.0,0.8896704534299001,0.09377056682472612,1.0
675.0,0.8896704534299001,0.016294881176716142,0.0
676.0,1.0,1.0815941557285693e-11,0.0
676.0,1.0,1.7482341282710566e-13,0.0
677.0,0.9525741086376607,0.047425874568977164,1.0
677.0,0.9525741086376607,1.422282720972177e-10,0.0
678.0,1.0,2.7346982915918745e-12,0.0
678.0,1.0,0.0,0.0
679.0,0.9999937270200764,6.144171336422507e-06,0.0
679.0,0.9999937270200764,2.510984787732669e-08,0.0
680.0,1.0,2.413362771833214e-12,0.0
680.0,1.0,2.6810038677818034e-14,0.0
681.0,1.0,3.0988191387218256e-12,0.0
681.0,1.0,8.878265478459658e-13,0.0
682.0,0.9626303619179248,0.03732523277717248,1.0
682.0,0.9626303619179248,4.370334398038761e-05,0.0
683.0,0.9999645227325883,3.535625324942473e-05,0.0
683.0,0.9999645227325883,2.061078928359677e-09,0.0
684.0,1.0,6.224144622907783e-11,1.0
684.0,1.0,1.57371021068629e-11,0.0
685.0,0.7772598841249165,0.22268867857214422,1.0
685.0,0.7772598841249165,5.134306000478849e-05,1.0
686.0,1.0,2.8823507934443873e-13,0.0
686.0,1.0,0.0,0.0
687.0,1.0,1.6586783589142312e-12,0.0
687.0,1.0,0.0,0.0
688.0,1.0,8.423463754468647e-12,0.0
688.0,1.0,1.1399918530443554e-12,0.0
689.0,1.0,1.0467401794744658e-08,0.0
689.0,1.0,1.2501528663867426e-09,0.0
690.0,0.880796810635188,0.11920288406495688,1.0
690.0,0.880796810635188,8.747364145599655e-08,0.0
691.0,0.9999720323248966,2.7535687796947383e-05,1.0
691.0,0.9999720323248966,3.927754915808339e-07,0.0
692.0,0.8741354010123397,0.11830135503184455,1.0
692.0,0.8741354010123397,0.007562752605041195,0.0
693.0,0.999998137537802,1.7603429545652396e-06,0.0
693.0,0.999998137537802,1.0815920927534024e-11,0.0
694.0,1.0,3.2241867372567335e-08,0.0
694.0,1.0,2.9989608248573072e-09,0.0
695.0,1.0,2.061153622438558e-09,0.0
695.0,1.0,4.058652126475693e-10,0.0
696.0,0.6789229578407192,0.32070051628719354,0.0
696.0,0.6789229578407192,0.00037550169889788307,1.0
697.0,1.0,3.775134544279098e-11,0.0
697.0,1.0,1.3887943864964021e-11,0.0
698.0,1.0,1.7257827987960214e-08,0.0
698.0,1.0,1.4166087866431961e-09,0.0
699.0,0.9525606914185156,0.047425207448301254,1.0
699.0,0.9525606914185156,1.4039986084315844e-05,0.0
700.0,0.9770209115331047,0.022977329065455805,0.0
700.0,0.9770209115331047,1.7198959465913164e-06,0.0
701.0,1.0,3.2661313427874473e-13,0.0
701.0,1.0,0.0,0.0
702.0,0.9999976607241555,2.2603250957489616e-06,0.0
702.0,0.9999976607241555,9.237432042950414e-09,0.0
703.0,0.9999597547670889,3.5356084658073444e-05,1.0
703.0,0.9999597547670889,4.784925731338026e-06,1.0
704.0,1.0,4.363462252943702e-09,0.0
704.0,1.0,2.5946094982764667e-11,0.0
705.0,0.9999988527586979,1.0677029917933763e-06,0.0
705.0,0.9999988527586979,1.6918946955790182e-10,0.0
706.0,1.0,1.1399918530443554e-12,0.0
706.0,1.0,0.0,0.0
707.0,1.0,4.508755242294825e-12,0.0
707.0,1.0,0.0,0.0
708.0,0.9820129712295457,0.017986194161047714,1.0
708.0,0.9820129712295457,5.612214153113726e-07,0.0
709.0,0.9999998063873693,8.764248219443636e-08,1.0
709.0,0.9999998063873693,2.7346982915918745e-12,0.0
710.0,0.9998414082988808,0.0001584362410990077,1.0
710.0,0.9998414082988808,1.2749887321243344e-07,0.0
711.0,0.9999920581810099,7.88926463665814e-06,1.0
711.0,0.9999920581810099,3.3982418928680556e-09,0.0
712.0,1.0,3.2661313427874473e-13,0.0
712.0,1.0,0.0,0.0
713.0,1.0,8.878265478459658e-13,0.0
713.0,1.0,3.701011678592672e-13,0.0
714.0,1.0,1.006039279283317e-12,0.0
714.0,1.0,1.9810087980489796e-13,0.0
715.0,0.9999998063873693,6.82560337633487e-08,0.0
715.0,0.9999998063873693,3.2241867372567335e-08,0.0
716.0,0.999999448776502,5.043471815847051e-07,0.0
716.0,0.999999448776502,8.152020714470167e-09,0.0
717.0,1.0,5.602796437537268e-09,0.0
717.0,1.0,1.103256032343554e-09,0.0
718.0,1.0,8.878265478459658e-13,0.0
718.0,1.0,0.0,0.0
719.0,1.0,6.224144622907783e-11,0.0
719.0,1.0,3.5114221133765118e-12,0.0
720.0,1.0,5.109089028063325e-12,0.0
720.0,1.0,5.384940217754036e-13,0.0
721.0,1.0,2.289734845645553e-11,0.0
721.0,1.0,5.109089028063325e-12,0.0
722.0,1.0,3.0988191387218256e-12,0.0
722.0,1.0,0.0,0.0
723.0,1.0,3.701011678592672e-13,0.0
723.0,1.0,2.2447770550209742e-13,0.0
724.0,1.0,1.522997974471263e-08,0.0
724.0,1.0,2.9989608248573072e-09,0.0
725.0,0.9999984951481292,1.370956471489639e-06,0.0
725.0,0.9999984951481292,7.19411930861867e-09,0.0
726.0,1.0,3.398267819495071e-09,0.0
726.0,1.0,6.224144622907783e-11,0.0
727.0,0.9999784691634502,2.1444937927240387e-05,1.0
727.0,0.9999784691634502,1.7257465908117797e-08,0.0
728.0,0.9890129880157539,0.010986941583869245,1.0
728.0,0.9890129880157539,2.3099328934684266e-09,1.0
729.0,0.9932122080235646,0.006692209823519823,1.0
729.0,0.9932122080235646,9.545924629078938e-05,0.0
730.0,1.0,3.0988191387218256e-12,0.0
730.0,1.0,1.9810087980489796e-13,0.0
731.0,0.9999629731407617,3.535618581278775e-05,0.0
731.0,0.9999629731407617,1.5534423892333143e-06,0.0
732.0,1.0,7.05287985111216e-11,0.0
732.0,1.0,2.2447770550209742e-13,0.0
733.0,1.0,8.423463754468647e-12,0.0
733.0,1.0,2.413362771833214e-12,0.0
734.0,0.9990819361052696,0.000911044888205433,1.0
734.0,0.9990819361052696,6.9559135590592215e-06,0.0
735.0,0.9970990111317815,0.0024715609390743363,1.0
735.0,0.9970990111317815,0.00042949289086103274,1.0
736.0,0.9241234423537034,0.07585667036356387,1.0
736.0,0.9241234423537034,1.981819953586532e-05,1.0
737.0,1.0,5.4927883509546835e-11,0.0
737.0,1.0,6.560200168153779e-12,0.0
738.0,0.999999448776502,2.3823673954981372e-07,0.0
738.0,0.999999448776502,1.8553895931777327e-07,1.0
739.0,1.0,1.2256067444099483e-11,0.0
739.0,1.0,8.423463754468647e-12,0.0
740.0,1.0,1.2917800047859961e-12,0.0
740.0,1.0,1.1399918530443554e-12,0.0
741.0,1.0,3.5114221133765118e-12,0.0
741.0,1.0,3.900837610180715e-14,0.0
742.0,0.99908847533638,0.0009110509701065104,0.0
742.0,0.99908847533638,3.92428409457623e-07,0.0
743.0,0.9999005146832811,9.610211997584463e-05,0.0
743.0,0.9999005146832811,3.2884337113353752e-06,0.0
744.0,0.9999984951481292,1.370956471489639e-06,1.0
744.0,0.9999984951481292,1.3440384315611926e-08,0.0
745.0,0.7772998664755185,0.2227001469810028,0.0
745.0,0.7772998664755185,2.5061617875971394e-08,0.0
746.0,1.0,1.3176514270095466e-10,0.0
746.0,1.0,1.1399918530443554e-12,0.0
747.0,1.0,1.5428112031918877e-13,0.0
747.0,1.0,0.0,0.0
748.0,1.0,2.7894680928689246e-10,0.0
748.0,1.0,2.9400777392844726e-11,0.0
749.0,1.0,2.413362771833214e-12,0.0
749.0,1.0,1.5428112031918877e-13,0.0
750.0,0.9994471201618464,0.0005527785265734312,0.0
750.0,0.9994471201618464,4.6885699106101895e-08,0.0
751.0,1.0,7.582560427911907e-10,0.0
751.0,1.0,7.433680672352188e-12,0.0
752.0,0.9859319123040162,0.014063566165971656,1.0
752.0,0.9859319123040162,3.242493953103967e-06,1.0
753.0,0.9399130452394305,0.06008663450772272,0.0
753.0,0.9399130452394305,1.9761051297532947e-07,0.0
754.0,1.0,1.6586783589142312e-12,0.0
754.0,1.0,1.2917800047859961e-12,0.0
755.0,0.999999448776502,4.4508482557577276e-07,0.0
755.0,0.999999448776502,6.691586091292782e-10,0.0
756.0,0.9999783499621913,2.1444937927240387e-05,1.0
756.0,0.9999783499621913,1.125328136620996e-07,0.0
757.0,0.9987215339215307,0.0011693826089613194,1.0
757.0,0.9987215339215307,0.00010876957792973422,1.0
758.0,0.99966459043674,0.0003353500342255387,1.0
758.0,0.99966459043674,5.1073742286436404e-12,1.0
759.0,1.0,2.7346982915918745e-12,0.0
759.0,1.0,0.0,0.0
760.0,1.0,6.691586091292782e-10,0.0
760.0,1.0,1.0815941557285693e-11,0.0
761.0,0.9231398289838224,0.0757759248169073,1.0
761.0,0.9231398289838224,0.0010808855162591075,1.0
762.0,0.9968209386577176,0.0031726619280033424,0.0
762.0,0.9968209386577176,6.124678341766231e-06,0.0
763.0,0.999936988045102,3.535527543077754e-05,1.0
763.0,0.999936988045102,2.753471619119475e-05,0.0
764.0,1.0,3.850741922767617e-09,0.0
764.0,1.0,3.398267819495071e-09,0.0
765.0,0.7213985380063832,0.2653876752053452,1.0
765.0,0.7213985380063832,0.013212877479632089,1.0
766.0,1.0,4.752193062771153e-13,0.0
766.0,1.0,2.543665647376923e-13,0.0
767.0,0.7310585784564795,0.2689414052760013,1.0
767.0,0.7310585784564795,4.095975084536681e-09,1.0
768.0,1.0,1.2917800047859961e-12,0.0
768.0,1.0,2.2447770550209742e-13,0.0
769.0,1.0,7.433680672352188e-12,0.0
769.0,1.0,2.8823507934443873e-13,0.0
770.0,1.0,4.752193062771153e-13,0.0
770.0,1.0,0.0,0.0
771.0,0.9770209115331047,0.022977329065455805,1.0
771.0,0.9770209115331047,1.7198959465913164e-06,0.0
772.0,0.6037478246063323,0.36619158818526487,1.0
772.0,0.6037478246063323,0.03005883601227078,1.0
773.0,1.0,4.058652126475693e-10,0.0
773.0,1.0,1.2256067444099483e-11,0.0
774.0,0.9988304590053244,0.0011695103074966034,1.0
774.0,0.9988304590053244,8.582110119013856e-10,0.0
775.0,0.9769416005235,0.022975466545416826,1.0
775.0,0.9769416005235,8.28624311635674e-05,1.0
776.0,0.8081495624427727,0.18032253591770894,1.0
776.0,0.8081495624427727,0.011527636796991297,1.0
777.0,0.9995794250188778,0.0003799691205054469,0.0
777.0,0.9995794250188778,4.004845065872769e-05,0.0
778.0,1.0,4.5990553786523166e-10,0.0
778.0,1.0,6.560200168153779e-12,0.0
779.0,1.0,7.05287985111216e-11,0.0
779.0,1.0,7.835041785064389e-13,0.0
780.0,1.0,9.237449661970594e-09,0.0
780.0,1.0,2.6810038677818034e-14,0.0
781.0,1.0,1.917171513758312e-10,0.0
781.0,1.0,3.331544542166412e-11,0.0
782.0,1.0,1.6052280551856116e-09,0.0
782.0,1.0,3.1608814543136926e-10,0.0
783.0,0.9999034944852412,9.610239492660866e-05,1.0
783.0,0.9999034944852412,2.699318489498565e-07,1.0
784.0,0.9944405130191752,0.004064050347794595,0.0
784.0,0.9944405130191752,0.0014950805708392814,0.0
785.0,0.8175355442733104,0.18241684779362857,1.0
785.0,0.8175355442733104,4.765796248208128e-05,1.0
786.0,1.0,1.917171513758312e-10,0.0
786.0,1.0,1.6586783589142312e-12,0.0
787.0,0.9999962302845802,3.7266389560521204e-06,1.0
787.0,0.9999962302845802,5.905281472039989e-10,0.0
788.0,1.0,1.2501528663867426e-09,0.0
788.0,1.0,3.581747930283181e-10,0.0
789.0,1.0,6.914400106940203e-13,0.0
789.0,1.0,0.0,0.0
790.0,0.9999996871837232,1.8553913626159784e-07,1.0
790.0,0.9999996871837232,3.398267819495071e-09,0.0
791.0,0.9947799085613173,0.005220125868449866,1.0
791.0,0.9947799085613173,9.189229321516742e-09,0.0
792.0,0.9988304590053244,0.0011695103074966034,1.0
792.0,0.9988304590053244,4.685673358788839e-08,0.0
793.0,1.0,1.3176514270095466e-10,0.0
793.0,1.0,9.056076989672867e-11,0.0
794.0,0.995664875334242,0.003168983315021137,0.0
794.0,0.995664875334242,0.0011658038110116005,1.0
795.0,0.9999720323248966,2.7535687796947383e-05,0.0
795.0,0.9999720323248966,3.4662315473122774e-07,0.0
796.0,0.9999645227325883,3.535625324942473e-05,1.0
796.0,0.9999645227325883,1.0467022466912503e-08,0.0
797.0,0.8858036781086205,0.0933630214823046,1.0
797.0,0.8858036781086205,0.02083210593528792,1.0
798.0,1.0,1.463778514125909e-12,0.0
798.0,1.0,1.463778514125909e-12,0.0
799.0,0.9999951574562983,3.7266354020539563e-06,0.0
799.0,0.9999951574562983,1.0676989188374615e-06,0.0
800.0,0.9999896741288624,1.0129987330277146e-05,1.0
800.0,0.9999896741288624,1.637359953911235e-07,0.0
801.0,0.9999038520641101,9.610239492660866e-05,1.0
801.0,0.9999038520641101,2.9986748353031113e-09,1.0
802.0,0.9999754891398779,2.14448765728686e-05,0.0
802.0,0.9999754891398779,2.902248444963372e-06,1.0
803.0,1.0,4.944450501938644e-09,0.0
803.0,1.0,3.850741922767617e-09,0.0
804.0,0.9978435026046163,0.0019262914716742432,1.0
804.0,0.9978435026046163,0.0002300625985065007,1.0
805.0,0.9990809833069415,0.0009110440193657363,1.0
805.0,0.9990809833069415,7.882075172178283e-06,1.0
806.0,0.9998415274892719,0.0001584362410990077,1.0
806.0,0.9998415274892719,8.15073027073605e-09,1.0
807.0,1.0,1.917171513758312e-10,0.0
807.0,1.0,4.8473687062702556e-11,0.0
808.0,0.9984508681530506,0.0011690659321626803,1.0
808.0,0.9984508681530506,0.00037954013938120324,1.0
809.0,0.9906317778607219,0.008570644982815883,1.0
809.0,0.9906317778607219,0.0007971941652825551,1.0
810.0,1.0,3.398267819495071e-09,0.0
810.0,1.0,9.736200313009565e-10,0.0
811.0,0.999744534125714,0.00015842082999803533,0.0
811.0,0.999744534125714,9.60870905309313e-05,0.0
812.0,0.999997064707474,2.902312105056987e-06,0.0
812.0,0.999997064707474,1.1032518237638113e-09,0.0
813.0,0.4999785120349772,0.4999785120349772,1.0
813.0,0.4999785120349772,4.24072773582637e-05,0.0
814.0,1.0,9.736200313009565e-10,1.0
814.0,1.0,1.783247290814639e-11,0.0
815.0,1.0,3.2241867372567335e-08,0.0
815.0,1.0,1.3887943864964021e-11,0.0
816.0,1.0,3.581747930283181e-10,0.0
816.0,1.0,1.2256067444099483e-11,0.0
817.0,0.6044471167694743,0.22236366753484374,1.0
817.0,0.6044471167694743,0.17317699840276582,1.0
818.0,0.999997064707474,2.902312105056987e-06,0.0
818.0,0.999997064707474,4.94443164039281e-09,0.0
819.0,0.9999653571283423,3.1201813735968055e-05,0.0
819.0,0.9999653571283423,3.2886469726947604e-06,0.0
820.0,0.9706165930135745,0.029310080432598338,0.0
820.0,0.9706165930135745,7.265246031395363e-05,0.0
821.0,0.6224472163631136,0.3775333320283815,1.0
821.0,0.6224472163631136,1.942215179467798e-05,0.0
822.0,1.0,2.8823507934443873e-13,0.0
822.0,1.0,0.0,0.0
823.0,0.9999832372181827,1.6701414089010932e-05,0.0
823.0,0.9999832372181827,1.0261703476375077e-10,0.0
824.0,0.8807690650436304,0.11919913265993175,1.0
824.0,0.8807690650436304,3.1141793430343845e-05,0.0
825.0,1.0,2.215948977336598e-08,0.0
825.0,1.0,2.7894680928689246e-10,0.0
826.0,1.0,1.7257827987960214e-08,1.0
826.0,1.0,1.917171513758312e-10,0.0
827.0,0.7310567919047004,0.26894076407048856,0.0
827.0,0.7310567919047004,2.4042708214394296e-06,0.0
828.0,1.0,7.835041785064389e-13,0.0
828.0,1.0,0.0,0.0
829.0,1.0,2.413362771833214e-12,0.0
829.0,1.0,0.0,0.0
830.0,0.9999998063873693,8.764248219443636e-08,0.0
830.0,0.9999998063873693,9.056076989672867e-11,0.0
831.0,1.0,5.384940217754036e-13,0.0
831.0,1.0,0.0,0.0
832.0,0.9975274032511579,0.002472623024627213,1.0
832.0,0.9975274032511579,2.991545365164313e-09,1.0
833.0,1.0,1.6586783589142312e-12,0.0
833.0,1.0,1.7482341282710566e-13,0.0
834.0,0.9990887134795086,0.0009110509701065104,0.0
834.0,0.9990887134795086,2.1005179103772252e-07,0.0
835.0,0.9999832372181827,1.6701414089010932e-05,0.0
835.0,0.9999832372181827,4.36338734979274e-09,0.0
836.0,0.999999448776502,5.043471815847051e-07,0.0
836.0,0.999999448776502,2.172439935079017e-10,0.0
837.0,1.0,2.413362771833214e-12,0.0
837.0,1.0,3.701011678592672e-13,0.0
838.0,0.9999993295729128,6.47594599989589e-07,1.0
838.0,0.9999993295729128,7.194133030325383e-09,0.0
839.0,0.9770226167277287,0.022977367413042835,0.0
839.0,0.9770226167277287,2.4051350892639763e-10,1.0
840.0,1.0,1.026187963170189e-10,0.0
840.0,1.0,2.020683909022217e-11,0.0
841.0,1.0,2.9400777392844726e-11,0.0
841.0,1.0,4.752193062771153e-13,0.0
842.0,1.0,2.8823507934443873e-13,0.0
842.0,1.0,0.0,0.0
843.0,1.0,1.1399918530443554e-12,0.0
843.0,1.0,4.752193062771153e-13,0.0
844.0,0.9999967070975446,2.260322940135999e-06,0.0
844.0,0.9999967070975446,9.422427859507568e-07,0.0
845.0,0.9945785793182217,0.005219070575539011,1.0
845.0,0.9945785793182217,0.0002023653271843746,0.0
846.0,0.9975231334853436,0.002472612413303155,1.0
846.0,0.9975231334853436,4.21239346327568e-06,0.0
847.0,0.9522694910057535,0.0474107027209617,1.0
847.0,0.9522694910057535,0.00031945080212323707,1.0
848.0,1.0,6.560200168153779e-12,0.0
848.0,1.0,8.878265478459658e-13,0.0
849.0,1.0,8.878265478459658e-13,0.0
849.0,1.0,0.0,0.0
850.0,1.0,7.835041785064389e-13,0.0
850.0,1.0,0.0,0.0
851.0,1.0,6.560200168153779e-12,0.0
851.0,1.0,6.101936677605324e-13,0.0
852.0,1.0,3.701011678592672e-13,0.0
852.0,1.0,0.0,0.0
853.0,0.6782892983092468,0.3204011585060629,0.0
853.0,0.6782892983092468,0.0013094066156202036,0.0
854.0,0.9999998063873693,1.1253517471925912e-07,0.0
854.0,0.9999998063873693,6.34880011604368e-09,0.0
855.0,0.9990888326383259,0.0009110509701065104,0.0
855.0,0.9990888326383259,1.2740285139193007e-07,0.0
856.0,1.0,1.6586783589142312e-12,0.0
856.0,1.0,1.006039279283317e-12,0.0
857.0,1.0,1.463778514125909e-12,0.0
857.0,1.0,1.2015425731771786e-13,0.0
858.0,1.0,2.129785170955785e-12,0.0
858.0,1.0,1.2015425731771786e-13,0.0
859.0,0.9999968263007644,2.902312105056987e-06,1.0
859.0,0.9999968263007644,2.1024278372789506e-07,0.0
860.0,1.0,5.211412487888539e-10,0.0
860.0,1.0,9.056076989672867e-11,0.0
861.0,1.0,5.4927883509546835e-11,0.0
861.0,1.0,5.789356328730652e-12,0.0
862.0,1.0,4.1937956583795446e-13,0.0
862.0,1.0,0.0,0.0
863.0,1.0,2.9400777392844726e-11,0.0
863.0,1.0,2.129785170955785e-12,0.0
864.0,0.9997379832974219,0.0002611900485022231,0.0
864.0,0.9997379832974219,5.713509112563699e-07,0.0
865.0,1.0,1.6052280551856116e-09,0.0
865.0,1.0,2.172439935079017e-10,0.0
866.0,0.599055349006571,0.2829736932447524,1.0
866.0,0.599055349006571,0.11796098528189419,1.0
867.0,1.0,6.224144622907783e-11,0.0
867.0,1.0,1.8795288165390832e-12,0.0
868.0,0.9999976607241555,2.2603250957489616e-06,1.0
868.0,0.9999976607241555,3.398261337819773e-09,0.0
869.0,0.7310506043688699,0.26893848780326507,1.0
869.0,0.7310506043688699,1.0775101778740508e-05,0.0
870.0,0.9999998063873693,8.764248219443636e-08,0.0
870.0,0.9999998063873693,7.991959892953932e-11,0.0
871.0,1.0,4.5990553786523166e-10,1.0
871.0,1.0,1.3887943864964021e-11,0.0
872.0,0.8059735153625427,0.10907664910669183,1.0
872.0,0.8059735153625427,0.08494897973909644,1.0
873.0,1.0,6.101936677605324e-13,0.0
873.0,1.0,0.0,0.0
874.0,1.0,5.384940217754036e-13,0.0
874.0,1.0,0.0,0.0
875.0,0.9998414082988808,0.0001584362410990077,1.0
875.0,0.9998414082988808,6.824522901024874e-08,1.0
876.0,0.9855663409609345,0.014058349841546214,1.0
876.0,0.9855663409609345,0.00037464233331590283,1.0
877.0,0.9978425509873499,0.0019262896346204168,1.0
877.0,0.9978425509873499,0.00023006237910181394,1.0
878.0,1.0,4.058652126475693e-10,0.0
878.0,1.0,1.2256067444099483e-11,0.0
879.0,0.9990888326383259,0.0009110509701065104,1.0
879.0,0.9990888326383259,6.018084572138179e-08,0.0
880.0,0.9999992103693378,6.47594599989589e-07,0.0
880.0,0.9999992103693378,9.931194312156244e-08,0.0
881.0,1.0,8.592166619174109e-10,0.0
881.0,1.0,1.3176514270095466e-10,0.0
882.0,0.9999992103693378,5.715002286213223e-07,1.0
882.0,0.9999992103693378,1.275189375371399e-07,1.0
883.0,1.0,6.224144622907783e-11,0.0
883.0,1.0,2.9400777392844726e-11,0.0
884.0,0.999967383523528,1.3006875900231576e-05,0.0
884.0,0.999967383523528,2.9022263026494242e-06,0.0
885.0,0.9999987335551229,8.315279260963632e-07,0.0
885.0,0.9999987335551229,3.9278597995802437e-07,0.0
886.0,0.999992892600195,6.962258245244699e-06,1.0
886.0,0.999992892600195,6.825551301312449e-08,0.0
887.0,0.9890089039105842,0.0109868944331324,1.0
887.0,0.9890089039105842,4.176436731088431e-06,0.0
888.0,0.8175355442733104,0.18241684779362857,1.0
888.0,0.8175355442733104,4.765796248208128e-05,1.0
889.0,0.9920564000055778,0.00668442489384886,0.0
889.0,0.9920564000055778,0.00022872833279697174,0.0
890.0,1.0,1.186112015134383e-08,0.0
890.0,1.0,4.508755242294825e-12,0.0
891.0,0.970470528146384,0.02930567129352909,1.0
891.0,0.970470528146384,0.00022375161481957,1.0
892.0,1.0,6.914400106940203e-13,0.0
892.0,1.0,0.0,0.0
893.0,1.0,1.3615261080896538e-13,0.0
893.0,1.0,0.0,0.0
894.0,1.0,1.006039279283317e-12,0.0
894.0,1.0,4.752193062771153e-13,0.0
895.0,1.0,1.463778514125909e-12,0.0
895.0,1.0,0.0,0.0
896.0,1.0,3.775134544279098e-11,0.0
896.0,1.0,4.508755242294825e-12,0.0
897.0,0.9988249893644541,0.0011695036155240912,1.0
897.0,0.9988249893644541,5.4158762020653765e-06,0.0
898.0,0.998287612967734,0.0017007027129916689,1.0
898.0,0.998287612967734,1.1459244741338728e-05,0.0
899.0,0.9994471201618464,0.0005527785265734312,0.0
899.0,0.9994471201618464,1.4158254329304147e-09,0.0
900.0,1.0,3.0988191387218256e-12,0.0
900.0,1.0,1.1399918530443554e-12,0.0
901.0,0.9999962302845802,3.7266389560521204e-06,0.0
901.0,0.9999962302845802,1.3176464005778382e-10,0.0
902.0,0.9988304590053244,0.0011695103074966034,1.0
902.0,0.9988304590053244,8.582110119013856e-10,0.0
903.0,0.9999545100305701,4.539785156619626e-05,1.0
903.0,0.9999545100305701,2.9988235464674848e-09,1.0
904.0,1.0,9.237449661970594e-09,0.0
904.0,1.0,1.6052280551856116e-09,0.0
905.0,0.9964932831101112,0.003171619750317356,0.0
905.0,0.9964932831101112,0.00033428610288846976,0.0
906.0,0.9980565954896323,0.0019267020971603188,1.0
906.0,0.9980565954896323,1.6669239291844395e-05,1.0
907.0,0.9770179524724424,0.022977257848678254,1.0
907.0,0.9770179524724424,4.67514406416625e-06,0.0
908.0,1.0,2.335593038799337e-09,0.0
908.0,1.0,1.026187963170189e-10,0.0
909.0,1.0,2.289734845645553e-11,0.0
909.0,1.0,2.0879679116459336e-14,0.0
910.0,0.99999503825305,4.78509457496562e-06,0.0
910.0,0.99999503825305,7.734377650551034e-08,0.0
911.0,1.0,3.850741922767617e-09,0.0
911.0,1.0,8.592166619174109e-10,0.0
912.0,1.0,3.97896253583724e-12,0.0
912.0,1.0,0.0,0.0
913.0,0.9999962302845802,3.7266389560521204e-06,0.0
913.0,0.9999962302845802,1.3887890886763582e-11,0.0
914.0,1.0,5.905303998944039e-10,1.0
914.0,1.0,3.0988191387218256e-12,0.0
915.0,0.9996402886601606,0.00033534203895298393,1.0
915.0,0.9996402886601606,2.4292095825124647e-05,0.0
916.0,0.999979541973601,1.6701366305950292e-05,0.0
916.0,0.999979541973601,3.7265785385442787e-06,0.0
917.0,1.0,2.061153622438558e-09,0.0
917.0,1.0,7.433680672352188e-12,0.0
918.0,0.9999933694113405,5.422212173341917e-06,0.0
918.0,0.9999933694113405,1.2098590705965475e-06,0.0
919.0,1.0,7.991959892953932e-11,0.0
919.0,1.0,2.5946094982764667e-11,0.0
920.0,0.9999937270200764,6.144171336422507e-06,0.0
920.0,0.9999937270200764,3.65346130838794e-08,0.0
921.0,0.9770226167277287,0.022977367413042835,0.0
921.0,0.9770226167277287,6.890827401708907e-11,0.0
922.0,1.0,4.058652126475693e-10,0.0
922.0,1.0,7.991959892953932e-11,0.0
923.0,0.9999988527586979,9.422445831379603e-07,1.0
923.0,0.9999988527586979,1.1253496007565217e-07,0.0
924.0,0.7631887699367851,0.13262232610146293,1.0
924.0,0.7631887699367851,0.10328637142057055,1.0
925.0,0.8175698136015099,0.18242448072309023,1.0
925.0,0.8175698136015099,5.6921707687585995e-06,0.0
926.0,1.0,2.9400777392844726e-11,0.0
926.0,1.0,1.3887943864964021e-11,0.0
927.0,0.9999897933314713,7.889242065323251e-06,0.0
927.0,0.9999897933314713,2.2603056953063047e-06,0.0
928.0,1.0,4.508755242294825e-12,0.0
928.0,1.0,1.8795288165390832e-12,0.0
929.0,1.0,5.109089028063325e-12,0.0
929.0,1.0,2.413362771833214e-12,0.0
930.0,1.0,6.560200168153779e-12,0.0
930.0,1.0,1.2917800047859961e-12,0.0
931.0,0.999998137537802,1.7603429545652396e-06,0.0
931.0,0.999998137537802,3.850734578067279e-09,0.0
932.0,1.0,1.2256067444099483e-11,0.0
932.0,1.0,0.0,0.0
933.0,0.8519528238199198,0.14804720844715558,1.0
933.0,0.8519528238199198,2.746852825969024e-08,1.0
934.0,0.9999995679801056,3.927863545481039e-07,0.0
934.0,0.9999995679801056,2.7894680928689246e-10,0.0
935.0,0.9999951574562983,4.78509457496562e-06,1.0
935.0,0.9999951574562983,2.3355796744670047e-09,0.0
936.0,0.9999995679801056,3.4663274126619643e-07,1.0
936.0,0.9999995679801056,4.691164021834418e-08,0.0
937.0,0.9859333089186094,0.014063586284078819,1.0
937.0,0.9859333089186094,2.5252592380553938e-06,1.0
938.0,1.0,3.0988191387218256e-12,0.0
938.0,1.0,1.9810087980489796e-13,0.0
939.0,1.0,2.020683909022217e-11,0.0
939.0,1.0,0.0,0.0
940.0,0.9996637599177984,0.0002959450842503154,0.0
940.0,0.9996637599177984,4.0051811799499645e-05,0.0
941.0,0.999992415788822,6.962251605520992e-06,1.0
941.0,0.999992415788822,5.714964134584279e-07,1.0
942.0,0.9982789369019164,0.001168864708560572,1.0
942.0,0.9982789369019164,0.0005521325930033882,0.0
943.0,0.731058513094752,0.2689414052760013,1.0
943.0,0.731058513094752,1.8356886768745074e-08,1.0
944.0,0.999841289108504,0.0001584362410990077,0.0
944.0,0.999841289108504,1.6371179380381234e-07,0.0
945.0,0.9999953958623826,3.7266354020539563e-06,0.0
945.0,0.9999953958623826,8.315247540751075e-07,1.0
946.0,1.0,2.020683909022217e-11,1.0
946.0,1.0,0.0,0.0
947.0,0.9999920581810099,7.88926463665814e-06,1.0
947.0,0.9999920581810099,4.3634289624956445e-09,0.0
948.0,1.0,1.7257827987960214e-08,0.0
948.0,1.0,1.4166087866431961e-09,0.0
949.0,1.0,6.34880011604368e-09,0.0
949.0,1.0,2.335593038799337e-09,0.0
950.0,0.9999988527586979,1.0677029917933763e-06,1.0
950.0,0.9999988527586979,4.847359460656998e-11,1.0
951.0,1.0,3.0988191387218256e-12,0.0
951.0,1.0,0.0,0.0
952.0,0.9999998063873693,6.023573837886479e-08,0.0
952.0,0.9999998063873693,5.905303998944039e-10,0.0
953.0,1.0,7.433680672352188e-12,0.0
953.0,1.0,1.6586783589142312e-12,0.0
954.0,0.6074801221099231,0.28695328258788066,1.0
954.0,0.6074801221099231,0.10556422582497613,1.0
955.0,0.7772998664755185,0.2227001469810028,1.0
955.0,0.7772998664755185,5.5920028102442495e-09,0.0
956.0,1.0,2.8823507934443873e-13,0.0
956.0,1.0,0.0,0.0
957.0,1.0,1.57371021068629e-11,0.0
957.0,1.0,9.545034922840628e-12,0.0
958.0,1.0,1.103256032343554e-09,0.0
958.0,1.0,9.056076989672867e-11,0.0
959.0,0.999580378234374,0.000261148951845958,1.0
959.0,0.999580378234374,0.00015839484604639162,1.0
960.0,1.0,5.4927883509546835e-11,0.0
960.0,1.0,7.433680672352188e-12,0.0
961.0,1.0,1.917171513758312e-10,1.0
961.0,1.0,1.6586783589142312e-12,0.0
962.0,0.9995683511046187,0.00043055669906306076,1.0
962.0,0.9995683511046187,1.067242846079677e-06,1.0
963.0,0.999998137537802,1.7603429545652396e-06,1.0
963.0,0.999998137537802,1.4166060846789406e-09,0.0
964.0,0.9998765647550606,0.0001233946226544279,1.0
964.0,0.9998765647550606,6.348013055444268e-09,0.0
965.0,0.9988304590053244,0.0011695103074966034,1.0
965.0,0.9988304590053244,6.341369311659378e-09,0.0
966.0,0.9999988527586979,1.0677029917933763e-06,0.0
966.0,0.9999988527586979,1.2501504819116561e-09,0.0
967.0,0.9999723899264568,2.7535687796947383e-05,1.0
967.0,0.9999723899264568,4.944318472628765e-09,0.0
968.0,0.9626729941518225,0.03732687913383872,1.0
968.0,0.9626729941518225,2.1332330130754545e-08,0.0
969.0,0.9883034828223716,0.0085505003263697,1.0
969.0,0.9883034828223716,0.00314555328180112,1.0
970.0,1.0,3.398267819495071e-09,0.0
970.0,1.0,5.109089028063325e-12,0.0
971.0,1.0,1.463778514125909e-12,0.0
971.0,1.0,1.626111044617819e-14,0.0
972.0,1.0,5.211412487888539e-10,0.0
972.0,1.0,1.6918979226151304e-10,0.0
973.0,0.9984987679933719,0.001501181950907551,0.0
973.0,0.9984987679933719,0.0,1.0
974.0,1.0,9.056076989672867e-11,0.0
974.0,1.0,2.129785170955785e-12,0.0
975.0,1.0,2.543665647376923e-13,0.0
975.0,1.0,0.0,0.0
976.0,1.0,3.581747930283181e-10,0.0
976.0,1.0,2.129785170955785e-12,0.0
977.0,0.9933065343868599,0.006692848072816306,1.0
977.0,0.9933065343868599,6.432606852742969e-07,0.0
978.0,1.0,1.186112015134383e-08,0.0
978.0,1.0,1.2501528663867426e-09,0.0
979.0,1.0,1.0467401794744658e-08,0.0
979.0,1.0,4.8473687062702556e-11,0.0
980.0,1.0,6.224144622907783e-11,0.0
980.0,1.0,3.331544542166412e-11,0.0
981.0,1.0,2.413362771833214e-12,0.0
981.0,1.0,3.701011678592672e-13,0.0
982.0,1.0,5.789356328730652e-12,0.0
982.0,1.0,2.543665647376923e-13,0.0
983.0,1.0,1.463778514125909e-12,0.0
983.0,1.0,6.914400106940203e-13,0.0
984.0,0.5621765025686553,0.43782350042481233,1.0
984.0,0.5621765025686553,1.2457547429607173e-08,0.0
985.0,1.0,1.7482341282710566e-13,0.0
985.0,1.0,0.0,0.0
986.0,1.0,6.34880011604368e-09,1.0
986.0,1.0,2.061153622438558e-09,1.0
987.0,1.0,1.493094676197164e-10,0.0
987.0,1.0,3.2661313427874473e-13,0.0
988.0,0.9399117847186542,0.06008654855316406,0.0
988.0,0.9399117847186542,1.4601537736013567e-06,0.0
989.0,1.0,1.162823303022097e-10,0.0
989.0,1.0,6.224144622907783e-11,0.0
990.0,1.0,3.2661313427874473e-13,0.0
990.0,1.0,2.8823507934443873e-13,0.0
991.0,1.0,3.398267819495071e-09,0.0
991.0,1.0,1.3887943864964021e-11,0.0
992.0,1.0,3.1608814543136926e-10,0.0
992.0,1.0,6.560200168153779e-12,0.0
993.0,1.0,7.835041785064389e-13,0.0
993.0,1.0,0.0,0.0
994.0,1.0,8.423463754468647e-12,0.0
994.0,1.0,4.752193062771153e-13,0.0
995.0,1.0,8.878265478459658e-13,0.0
995.0,1.0,0.0,0.0
996.0,0.9991121608820779,0.0005525932571326208,1.0
996.0,0.9991121608820779,0.00033516491262044774,1.0
997.0,0.7308542426749511,0.2688662663987166,1.0
997.0,0.7308542426749511,0.00027781881194462605,1.0
998.0,1.0,1.917171513758312e-10,0.0
998.0,1.0,4.752193062771153e-13,0.0
999.0,0.9859263479025978,0.014063485693830792,1.0
999.0,0.9859263479025978,9.987527357612214e-06,0.0
1000.0,1.0,7.194133030325383e-09,0.0
1000.0,1.0,8.592166619174109e-10,0.0
1001.0,1.0,1.8189616875530459e-09,0.0
1001.0,1.0,2.7894680928689246e-10,0.0
1002.0,1.0,8.152020714470167e-09,0.0
1002.0,1.0,4.363462252943702e-09,0.0
1003.0,1.0,4.5990553786523166e-10,0.0
1003.0,1.0,2.5946094982764667e-11,0.0
1004.0,0.998073226003552,0.0019267342527389902,0.0
1004.0,0.998073226003552,9.219653979064586e-09,0.0
1005.0,1.0,5.109089028063325e-12,0.0
1005.0,1.0,1.6586783589142312e-12,0.0
1006.0,0.9999952766591059,3.7266354020539563e-06,0.0
1006.0,0.9999952766591059,9.422409887669812e-07,1.0
1007.0,1.0,1.5428112031918877e-13,0.0
1007.0,1.0,0.0,0.0
1008.0,1.0,8.592166619174109e-10,1.0
1008.0,1.0,5.211412487888539e-10,0.0
1009.0,1.0,1.6586783589142312e-12,0.0
1009.0,1.0,8.878265478459658e-13,0.0
1010.0,1.0,3.97896253583724e-12,0.0
1010.0,1.0,2.7346982915918745e-12,0.0
1011.0,0.99592978540694,0.004070137939983506,1.0
1011.0,0.99592978540694,7.702945841973295e-08,1.0
1012.0,1.0,9.545034922840628e-12,0.0
1012.0,1.0,1.9810087980489796e-13,0.0
1013.0,0.9706877045032167,0.029312225847906822,1.0
1013.0,0.9706877045032167,2.000735800140987e-09,0.0
1014.0,0.9999962302845802,3.7266389560521204e-06,1.0
1014.0,0.9999962302845802,1.955560648898961e-08,1.0
1015.0,1.0,2.020683909022217e-11,0.0
1015.0,1.0,7.835041785064389e-13,0.0
1016.0,0.999088951739003,0.0009110514045295695,0.0
1016.0,0.999088951739003,1.6037652154132959e-09,0.0
1017.0,0.6224590516133564,0.3775404879675657,1.0
1017.0,0.6224590516133564,3.557359037726918e-07,1.0
1018.0,0.9999998063873693,6.023573837886479e-08,0.0
1018.0,0.9999998063873693,3.6534822137210456e-08,0.0
1019.0,0.9241407520498733,0.07585809914254492,1.0
1019.0,0.9241407520498733,1.1180876353549223e-06,1.0
1020.0,1.0,7.582560427911907e-10,0.0
1020.0,1.0,1.162823303022097e-10,0.0
1021.0,1.0,3.398267819495071e-09,0.0
1021.0,1.0,1.6918979226151304e-10,0.0
1022.0,1.0,3.775134544279098e-11,0.0
1022.0,1.0,2.020683909022217e-11,0.0
1023.0,0.998073226003552,0.0019267342527389902,1.0
1023.0,0.998073226003552,5.3055445459771946e-08,1.0
1024.0,0.999999448776502,3.059020287707785e-07,0.0
1024.0,0.999999448776502,8.764248219443636e-08,0.0
1025.0,0.9998765647550606,0.0001233946226544279,1.0
1025.0,0.9998765647550606,1.8187361909158945e-09,0.0
1026.0,1.0,7.05287985111216e-11,0.0
1026.0,1.0,2.020683909022217e-11,0.0
1027.0,1.0,7.582560427911907e-10,0.0
1027.0,1.0,7.05287985111216e-11,0.0
1028.0,0.9999993295729128,6.47594599989589e-07,0.0
1028.0,0.9999993295729128,8.592166619174109e-10,0.0
1029.0,0.9998415274892719,0.0001584362410990077,0.0
1029.0,0.9998415274892719,3.581180948876274e-10,0.0
1030.0,0.9046025373770491,0.09534441307994795,1.0
1030.0,0.9046025373770491,5.273349208279213e-05,1.0
1031.0,0.8173460473030871,0.18237455714901657,1.0
1031.0,0.8173460473030871,0.00027418908970564427,1.0
1032.0,1.0,1.1399918530443554e-12,0.0
1032.0,1.0,1.006039279283317e-12,0.0
1033.0,0.9999832372181827,1.6701414089010932e-05,1.0
1033.0,0.9999832372181827,9.237291091998765e-09,1.0
1034.0,1.0,3.2661313427874473e-13,0.0
1034.0,1.0,0.0,0.0
1035.0,1.0,1.006039279283317e-12,0.0
1035.0,1.0,2.543665647376923e-13,0.0
1036.0,0.9999978991308366,1.7603429545652396e-06,0.0
1036.0,0.9999978991308366,2.3823651234966232e-07,0.0
1037.0,1.0,1.7482341282710566e-13,0.0
1037.0,1.0,1.3615261080896538e-13,0.0
1038.0,0.9889944448032487,0.010986737265470984,1.0
1038.0,0.9889944448032487,1.8717223096738207e-05,0.0
1039.0,1.0,1.2917800047859961e-12,0.0
1039.0,1.0,5.384940217754036e-13,0.0
1040.0,0.9999897933314713,1.0129987330277146e-05,1.0
1040.0,0.9999897933314713,2.061133965839569e-09,1.0
1041.0,0.9999998063873693,6.82560337633487e-08,1.0
1041.0,0.9999998063873693,7.991959892953932e-11,1.0
1042.0,0.9999988527586979,1.0677029917933763e-06,1.0
1042.0,0.9999988527586979,5.211402547917536e-10,1.0
1043.0,1.0,9.237449661970594e-09,0.0
1043.0,1.0,2.413362771833214e-12,0.0
1044.0,1.0,1.0603575991523846e-13,0.0
1044.0,1.0,7.287724095819692e-14,0.0
1045.0,1.0,4.8473687062702556e-11,0.0
1045.0,1.0,3.97896253583724e-12,0.0
1046.0,1.0,7.582560427911907e-10,0.0
1046.0,1.0,5.4927883509546835e-11,0.0
1047.0,1.0,7.05287985111216e-11,0.0
1047.0,1.0,2.289734845645553e-11,0.0
1048.0,1.0,1.0467401794744658e-08,0.0
1048.0,1.0,7.194133030325383e-09,0.0
1049.0,1.0,1.2501528663867426e-09,0.0
1049.0,1.0,1.2501528663867426e-09,0.0
1050.0,1.0,3.398267819495071e-09,0.0
1050.0,1.0,7.582560427911907e-10,0.0
1051.0,0.622459070164082,0.377540510470733,1.0
1051.0,0.622459070164082,2.1576473239872065e-07,1.0
1052.0,1.0,1.5428112031918877e-13,0.0
1052.0,1.0,0.0,0.0
1053.0,0.9046501419366757,0.09534941422459524,1.0
1053.0,0.9046501419366757,1.6784794967844277e-07,0.0
1054.0,1.0,1.162823303022097e-10,0.0
1054.0,1.0,5.789356328730652e-12,0.0
1055.0,1.0,4.508755242294825e-12,0.0
1055.0,1.0,8.25807328555592e-14,0.0
1056.0,1.0,7.582560427911907e-10,0.0
1056.0,1.0,3.581747930283181e-10,0.0
1057.0,1.0,2.9400777392844726e-11,0.0
1057.0,1.0,9.545034922840628e-12,0.0
1058.0,1.0,9.237449661970594e-09,0.0
1058.0,1.0,7.05287985111216e-11,0.0
1059.0,0.988996309977534,0.01098675822102927,0.0
1059.0,0.988996309977534,1.6517922913263958e-05,0.0
1060.0,1.0,2.510999155743982e-08,0.0
1060.0,1.0,7.991959892953932e-11,0.0
1061.0,1.0,9.545034922840628e-12,0.0
1061.0,1.0,0.0,0.0
1062.0,1.0,6.101936677605324e-13,0.0
1062.0,1.0,0.0,0.0
1063.0,1.0,6.914400106940203e-13,0.0
1063.0,1.0,0.0,0.0
1064.0,0.851952468357576,0.14804713785276227,1.0
1064.0,0.851952468357576,3.791913361429744e-07,0.0
1065.0,0.9858303008161479,0.01406211103254627,1.0
1065.0,0.9858303008161479,0.00010736559384545336,0.0
1066.0,1.0,2.172439935079017e-10,0.0
1066.0,1.0,1.57371021068629e-11,0.0
1067.0,0.7772978510934457,0.22269956292738996,1.0
1067.0,0.7772978510934457,2.556344769588038e-06,0.0
1068.0,0.9999832372181827,1.6701414089010932e-05,0.0
1068.0,0.9999832372181827,1.4165844691504236e-09,0.0
1069.0,1.0,3.701011678592672e-13,0.0
1069.0,1.0,0.0,0.0
1070.0,0.9998664337476714,0.0001233933282001111,0.0
1070.0,0.9998664337476714,1.012874117550441e-05,0.0
1071.0,0.9999998063873693,8.764248219443636e-08,0.0
1071.0,0.9999998063873693,3.850741922767617e-09,0.0
1072.0,1.0,2.9400777392844726e-11,0.0
1072.0,1.0,2.5946094982764667e-11,0.0
1073.0,0.9968203447384054,0.0031726604151606054,1.0
1073.0,0.9968203447384054,6.9401697885043e-06,1.0
1074.0,0.9998415274892719,0.0001584362410990077,1.0
1074.0,0.9998415274892719,1.1859242566789641e-08,0.0
1075.0,0.9998415274892719,0.0001584362410990077,1.0
1075.0,0.9998415274892719,2.844884399863462e-08,0.0
1076.0,0.99998347562188,1.4738960258496015e-05,0.0
1076.0,0.99998347562188,1.7603177728373962e-06,0.0
1077.0,0.9947797899743182,0.005220125868449866,1.0
1077.0,0.9947797899743182,4.666675712340403e-08,0.0
1078.0,0.851952468357576,0.14804713785276227,1.0
1078.0,0.851952468357576,3.791913361429744e-07,1.0
1079.0,0.9706855673943177,0.02931216295076117,1.0
1079.0,0.9706855673943177,2.194069034830935e-06,0.0
1080.0,1.0,5.4927883509546835e-11,0.0
1080.0,1.0,5.109089028063325e-12,0.0
1081.0,0.9997386983078135,0.0002611902975925828,1.0
1081.0,0.9997386983078135,2.4610537777906895e-10,0.0
1082.0,1.0,1.103256032343554e-09,0.0
1082.0,1.0,1.917171513758312e-10,0.0
1083.0,0.9991942685219962,0.0007096023219367244,0.0
1083.0,0.9991942685219962,9.603423122466463e-05,0.0
1084.0,0.9999998063873693,6.82560337633487e-08,0.0
1084.0,0.9999998063873693,8.152020714470167e-09,0.0
1085.0,1.0,1.9555681087850496e-08,0.0
1085.0,1.0,5.905303998944039e-10,0.0
1086.0,0.999998137537802,1.7603429545652396e-06,1.0
1086.0,0.999998137537802,2.1724357914826287e-10,0.0
1087.0,0.9998598784395131,0.00010889350299121682,1.0
1087.0,0.9998598784395131,3.1198510953893076e-05,0.0
1088.0,1.0,2.9989608248573072e-09,0.0
1088.0,1.0,2.061153622438558e-09,0.0
1089.0,1.0,6.914400106940203e-13,0.0
1089.0,1.0,0.0,0.0
1090.0,1.0,2.129785170955785e-12,0.0
1090.0,1.0,5.384940217754036e-13,0.0
1091.0,0.9996505328634414,0.0003353452370391312,1.0
1091.0,0.9996505328634414,1.0126548701718928e-05,1.0
1092.0,0.9706873663985345,0.02931221885932842,1.0
1092.0,0.9706873663985345,2.620446772220354e-07,0.0
1093.0,1.0,1.2917800047859961e-12,0.0
1093.0,1.0,0.0,0.0
1094.0,1.0,2.5946094982764667e-11,0.0
1094.0,1.0,1.783247290814639e-11,0.0
1095.0,1.0,1.0815941557285693e-11,0.0
1095.0,1.0,2.413362771833214e-12,0.0
1096.0,0.9999896741288624,1.0129987330277146e-05,0.0
1096.0,0.9999896741288624,8.764164637457892e-08,0.0
1097.0,0.9994471201618464,0.0005527785265734312,0.0
1097.0,0.9994471201618464,2.334301506870592e-09,0.0
1098.0,1.0,5.789356328730652e-12,0.0
1098.0,1.0,1.2015425731771786e-13,0.0
1099.0,1.0,2.2447770550209742e-13,0.0
1099.0,1.0,0.0,0.0
1100.0,0.9975141185888843,0.00247259001176858,0.0
1100.0,0.9975141185888843,1.2974961580387738e-05,1.0
1101.0,0.9979474894508037,0.0015003532609301447,0.0
1101.0,0.9979474894508037,0.0005519491191907328,0.0
1102.0,1.0,3.701011678592672e-13,0.0
1102.0,1.0,0.0,0.0
1103.0,1.0,5.4927883509546835e-11,0.0
1103.0,1.0,1.0815941557285693e-11,0.0
1104.0,0.999919823943973,7.484583384938425e-05,1.0
1104.0,0.999919823943973,4.784734078223732e-06,0.0
1105.0,0.9999545100305701,4.539785156619626e-05,1.0
1105.0,0.9999545100305701,2.3354861262818448e-09,1.0
1106.0,1.0,9.056076989672867e-11,0.0
1106.0,1.0,1.463778514125909e-12,0.0
1107.0,0.8807961675155553,0.11920279880444064,1.0
1107.0,0.8807961675155553,9.404293758637644e-07,0.0
1108.0,1.0,4.8473687062702556e-11,0.0
1108.0,1.0,1.2256067444099483e-11,0.0
1109.0,1.0,9.736200313009565e-10,1.0
1109.0,1.0,9.056076989672867e-11,0.0
1110.0,1.0,5.4927883509546835e-11,0.0
1110.0,1.0,1.8795288165390832e-12,0.0
1111.0,0.9988303399354621,0.0011695103074966034,1.0
1111.0,0.9988303399354621,8.753990310405111e-08,0.0
1112.0,0.9999998063873693,1.4449802461092448e-07,1.0
1112.0,0.9999998063873693,6.224144622907783e-11,0.0
1113.0,1.0,1.006039279283317e-12,0.0
1113.0,1.0,0.0,0.0
1114.0,0.9603275668753048,0.028999379315831363,1.0
1114.0,0.9603275668753048,0.010668278000542104,1.0
1115.0,0.9999913429648598,7.889257112872668e-06,1.0
1115.0,0.9999913429648598,6.475896592537368e-07,0.0
1116.0,1.0,2.020683909022217e-11,0.0
1116.0,1.0,2.020683909022217e-11,0.0
1117.0,0.9889481546071693,0.010986223866778241,1.0
1117.0,0.9889481546071693,6.532647503872474e-05,1.0
1118.0,1.0,2.129785170955785e-12,0.0
1118.0,1.0,0.0,0.0
1119.0,1.0,9.736200313009565e-10,0.0
1119.0,1.0,4.277787868968998e-11,0.0
1120.0,1.0,7.433680672352188e-12,0.0
1120.0,1.0,5.384940217754036e-13,0.0
1121.0,1.0,3.398267819495071e-09,0.0
1121.0,1.0,1.4166087866431961e-09,0.0
1122.0,1.0,1.1399918530443554e-12,0.0
1122.0,1.0,5.675685232632723e-14,0.0
1123.0,0.9999038520641101,9.610239492660866e-05,0.0
1123.0,0.9999038520641101,5.602262138708773e-09,0.0
1124.0,1.0,7.582560427911907e-10,0.0
1124.0,1.0,3.0988191387218256e-12,0.0
1125.0,1.0,5.905303998944039e-10,0.0
1125.0,1.0,1.6918979226151304e-10,0.0
1126.0,1.0,1.006039279283317e-12,0.0
1126.0,1.0,0.0,0.0
1127.0,1.0,2.9989608248573072e-09,0.0
1127.0,1.0,1.917171513758312e-10,0.0
1128.0,1.0,2.7346982915918745e-12,0.0
1128.0,1.0,1.9810087980489796e-13,0.0
1129.0,1.0,3.0988191387218256e-12,0.0
1129.0,1.0,2.7346982915918745e-12,0.0
1130.0,1.0,1.006039279283317e-12,0.0
1130.0,1.0,0.0,0.0
1131.0,1.0,3.331544542166412e-11,0.0
1131.0,1.0,1.783247290814639e-11,0.0
1132.0,0.9997453683197187,0.00015842098107998412,1.0
1132.0,0.9997453683197187,9.608718216676539e-05,1.0
1133.0,1.0,6.101936677605324e-13,0.0
1133.0,1.0,2.543665647376923e-13,0.0
1134.0,0.9992780578458881,0.00070966153823945,0.0
1134.0,0.9992780578458881,1.1470615902377405e-05,0.0
1135.0,0.9859363206911979,0.014063626520379485,1.0
1135.0,0.9859363206911979,3.602099150921931e-08,0.0
1136.0,1.0,7.991959892953932e-11,0.0
1136.0,1.0,1.006039279283317e-12,0.0
1137.0,0.9999998063873693,8.764248219443636e-08,0.0
1137.0,0.9999998063873693,3.581747930283181e-10,0.0
1138.0,0.9998414082988808,0.0001584362410990077,0.0
1138.0,0.9998414082988808,6.824522901024874e-08,0.0
1139.0,1.0,2.9400777392844726e-11,0.0
1139.0,1.0,1.783247290814639e-11,0.0
1140.0,0.9999976607241555,2.2603250957489616e-06,1.0
1140.0,0.9999976607241555,1.6918946955790182e-10,0.0
1141.0,0.9984025053443814,0.0015010373623653727,0.0
1141.0,0.9984025053443814,9.595815392377849e-05,0.0
1142.0,1.0,5.384940217754036e-13,0.0
1142.0,1.0,4.752193062771153e-13,0.0
1143.0,1.0,1.103256032343554e-09,0.0
1143.0,1.0,7.433680672352188e-12,0.0
1144.0,1.0,1.006039279283317e-12,0.0
1144.0,1.0,1.2015425731771786e-13,0.0
1145.0,0.9705554042753416,0.02930823564077611,0.0
1145.0,0.9705554042753416,0.00013572399275741843,0.0
1146.0,0.9999995679801056,3.927863545481039e-07,0.0
1146.0,0.9999995679801056,2.7894680928689246e-10,0.0
1147.0,1.0,5.789356328730652e-12,0.0
1147.0,1.0,0.0,0.0
1148.0,1.0,1.6918979226151304e-10,0.0
1148.0,1.0,9.056076989672867e-11,0.0
1149.0,1.0,2.9400777392844726e-11,0.0
1149.0,1.0,2.9400777392844726e-11,0.0
1150.0,0.9890126361593897,0.010986936344888492,1.0
1150.0,0.9890126361593897,3.884706111577952e-07,0.0
1151.0,1.0,2.129785170955785e-12,0.0
1151.0,1.0,4.752193062771153e-13,0.0
1152.0,1.0,4.508755242294825e-12,0.0
1152.0,1.0,0.0,0.0
1153.0,1.0,3.850741922767617e-09,0.0
1153.0,1.0,8.878265478459658e-13,0.0
1154.0,0.9953813338262015,0.003589906450665798,1.0
1154.0,0.9953813338262015,0.0010285254183950905,1.0
1155.0,1.0,3.775134544279098e-11,0.0
1155.0,1.0,7.433680672352188e-12,0.0
1156.0,0.9770226167277287,0.022977367413042835,1.0
1156.0,0.9770226167277287,1.6861298718233895e-08,0.0
1157.0,1.0,2.9400777392844726e-11,0.0
1157.0,1.0,1.57371021068629e-11,0.0
1158.0,1.0,4.8473687062702556e-11,0.0
1158.0,1.0,5.675685232632723e-14,0.0
1159.0,0.9999869324773292,1.3007123989067183e-05,1.0
1159.0,0.9999869324773292,1.6052066232219309e-09,0.0
1160.0,1.0,1.493094676197164e-10,0.0
1160.0,1.0,1.6586783589142312e-12,0.0
1161.0,1.0,1.6918979226151304e-10,0.0
1161.0,1.0,5.4927883509546835e-11,0.0
1162.0,0.4878463199551393,0.4878463199551393,1.0
1162.0,0.4878463199551393,0.024288438084617347,1.0
1163.0,0.9887574498421486,0.010984102422524435,1.0
1163.0,0.9887574498421486,0.00025832145240654153,1.0
1164.0,0.9964930452956128,0.002798943271190721,1.0
1164.0,0.9964930452956128,0.0007076836853682767,1.0
1165.0,1.0,4.5990553786523166e-10,0.0
1165.0,1.0,3.581747930283181e-10,0.0
1166.0,0.9933071269064123,0.006692851264215723,1.0
1166.0,0.9933071269064123,1.039734060521097e-08,1.0
1167.0,0.9998336613176773,0.00015843503233102738,1.0
1167.0,0.9998336613176773,7.888015786529595e-06,1.0
1168.0,1.0,4.139937718785167e-08,0.0
1168.0,1.0,6.914400106940203e-13,0.0
1169.0,0.9999989719621736,8.315279260963632e-07,1.0
1169.0,0.9999989719621736,1.1253496007565217e-07,0.0
1170.0,1.0,4.944450501938644e-09,0.0
1170.0,1.0,2.335593038799337e-09,0.0
1171.0,0.9399129436974165,0.0600866201819544,1.0
1171.0,0.9399129436974165,2.239220470877366e-07,1.0
1172.0,1.0,1.3176514270095466e-10,0.0
1172.0,1.0,1.3887943864964021e-11,0.0
1173.0,1.0,1.026187963170189e-10,0.0
1173.0,1.0,1.8795288165390832e-12,0.0
1174.0,0.9999998063873693,7.734421907141565e-08,0.0
1174.0,0.9999998063873693,1.026187963170189e-10,0.0
1175.0,1.0,7.194133030325383e-09,0.0
1175.0,1.0,4.752193062771153e-13,0.0
1176.0,1.0,4.508755242294825e-12,0.0
1176.0,1.0,1.1399918530443554e-12,0.0
1177.0,1.0,3.775134544279098e-11,0.0
1177.0,1.0,5.384940217754036e-13,0.0
1178.0,0.9990888326383259,0.0009110509701065104,0.0
1178.0,0.9990888326383259,9.922144042956496e-08,0.0
1179.0,0.7772995653261411,0.22270004078932287,1.0
1179.0,0.7772995653261411,2.694375272932032e-07,1.0
1180.0,0.9848323304752515,0.008520467562389944,0.0
1180.0,0.9848323304752515,0.006635746809723792,1.0
1181.0,1.0,5.3157852544244216e-08,0.0
1181.0,1.0,1.103256032343554e-09,0.0
1182.0,1.0,9.237449661970594e-09,0.0
1182.0,1.0,4.058652126475693e-10,0.0
1183.0,1.0,1.9810087980489796e-13,0.0
1183.0,1.0,0.0,0.0
1184.0,1.0,9.056076989672867e-11,0.0
1184.0,1.0,6.224144622907783e-11,0.0
1185.0,1.0,1.493094676197164e-10,0.0
1185.0,1.0,1.162823303022097e-10,0.0
1186.0,0.9999337697477866,5.144147503779199e-05,0.0
1186.0,0.9999337697477866,1.4738229355891133e-05,0.0
1187.0,1.0,1.103256032343554e-09,0.0
1187.0,1.0,1.8795288165390832e-12,0.0
1188.0,0.9999841908314937,7.889196922847203e-06,1.0
1188.0,0.9999841908314937,7.889196922847203e-06,1.0
1189.0,0.7310369658304658,0.26893345443569505,1.0
1189.0,0.7310369658304658,2.9289204712373708e-05,1.0
1190.0,1.0,2.8823507934443873e-13,0.0
1190.0,1.0,0.0,0.0
1191.0,1.0,4.752193062771153e-13,0.0
1191.0,1.0,3.2661313427874473e-13,0.0
1192.0,0.46830989634897774,0.46830989634897774,1.0
1192.0,0.46830989634897774,0.06337885246489763,1.0
1193.0,1.0,9.056076989672867e-11,0.0
1193.0,1.0,3.331544542166412e-11,0.0
1194.0,0.9975264593674983,0.0024726206665512647,1.0
1194.0,0.9975264593674983,8.294718266073478e-07,1.0
1195.0,0.9999998063873693,8.764248219443636e-08,0.0
1195.0,0.9999998063873693,7.433680672352188e-12,0.0
1196.0,1.0,1.2501528663867426e-09,0.0
1196.0,1.0,3.581747930283181e-10,0.0
1197.0,1.0,9.056076989672867e-11,0.0
1197.0,1.0,1.5428112031918877e-13,0.0
1198.0,1.0,2.9989608248573072e-09,0.0
1198.0,1.0,1.4166087866431961e-09,0.0
1199.0,0.999980972389532,1.6701382233621983e-05,1.0
1199.0,0.999980972389532,2.260286295030162e-06,1.0
1200.0,1.0,6.914400106940203e-13,0.0
1200.0,1.0,0.0,0.0
1201.0,1.0,8.592166619174109e-10,0.0
1201.0,1.0,3.331544542166412e-11,0.0
1202.0,0.9999856212549841,1.0129948687515881e-05,0.0
1202.0,0.9999856212549841,4.222790869117525e-06,0.0
1203.0,1.0,1.1399918530443554e-12,0.0
1203.0,1.0,1.7482341282710566e-13,0.0
1204.0,0.9999415175046573,5.829127258796956e-05,0.0
1204.0,0.9999415175046573,7.733964601250889e-08,0.0
1205.0,0.9999038520641101,9.610239492660866e-05,1.0
1205.0,0.9999038520641101,9.055213376050583e-11,0.0
1206.0,0.9955971691274721,0.004068777671440623,0.0
1206.0,0.9955971691274721,0.0003339856095611537,0.0
1207.0,1.0,1.3887943864964021e-11,0.0
1207.0,1.0,4.508755242294825e-12,0.0
1208.0,1.0,1.522997974471263e-08,0.0
1208.0,1.0,7.194133030325383e-09,0.0
1209.0,1.0,5.602796437537268e-09,0.0
1209.0,1.0,1.9810087980489796e-13,0.0
1210.0,1.0,3.331544542166412e-11,0.0
1210.0,1.0,1.6586783589142312e-12,0.0
1211.0,0.9990851516318722,0.0009110479291508965,0.0
1211.0,0.9990851516318722,3.723242880544741e-06,0.0
1212.0,1.0,1.6586783589142312e-12,0.0
1212.0,1.0,4.752193062771153e-13,0.0
1213.0,1.0,1.9555681087850496e-08,0.0
1213.0,1.0,1.103256032343554e-09,0.0
1214.0,0.9999937270200764,3.2887379265989447e-06,1.0
1214.0,0.9999937270200764,2.902301033636053e-06,1.0
1215.0,1.0,8.592166619174109e-10,0.0
1215.0,1.0,1.9810087980489796e-13,0.0
1216.0,0.9999998063873693,6.82560337633487e-08,0.0
1216.0,0.9999998063873693,3.581747930283181e-10,0.0
1217.0,0.9999998063873693,9.931194312156244e-08,1.0
1217.0,0.9999998063873693,3.331544542166412e-11,0.0
1218.0,0.8172468277116454,0.18235240467904507,1.0
1218.0,0.8172468277116454,0.0003988942656147022,1.0
1219.0,1.0,1.522997974471263e-08,0.0
1219.0,1.0,1.783247290814639e-11,0.0
1220.0,0.9999037328662894,9.610239492660866e-05,1.0
1220.0,0.9999037328662894,1.444841070716725e-07,0.0
1221.0,1.0,1.522997974471263e-08,0.0
1221.0,1.0,2.4616969518153846e-10,0.0
1222.0,1.0,6.34880011604368e-09,0.0
1222.0,1.0,2.172439935079017e-10,0.0
1223.0,1.0,9.357622968840175e-14,0.0
1223.0,1.0,0.0,0.0
1224.0,0.9999962302845802,3.7266389560521204e-06,0.0
1224.0,0.9999962302845802,5.602775064605783e-09,0.0
1225.0,1.0,4.139937718785167e-08,0.0
1225.0,1.0,6.914400106940203e-13,0.0
1226.0,0.9999984951481292,1.370956471489639e-06,0.0
1226.0,0.9999984951481292,2.461692256505547e-10,0.0
1227.0,1.0,1.2256067444099483e-11,0.0
1227.0,1.0,6.560200168153779e-12,0.0
1228.0,0.9999557020117429,2.7535241379236138e-05,1.0
1228.0,0.9999557020117429,1.6700968119094697e-05,0.0
1229.0,1.0,1.522997974471263e-08,0.0
1229.0,1.0,1.3887943864964021e-11,0.0
1230.0,0.9999644035311729,3.535625324942473e-05,1.0
1230.0,0.9999644035311729,1.8553258945247287e-07,0.0
1231.0,0.9999998063873693,8.764248219443636e-08,0.0
1231.0,0.9999998063873693,7.582560427911907e-10,0.0
1232.0,1.0,6.224144622907783e-11,0.0
1232.0,1.0,2.5946094982764667e-11,0.0
1233.0,1.0,1.8795288165390832e-12,0.0
1233.0,1.0,1.7482341282710566e-13,0.0
1234.0,0.8173993217575745,0.182386449722295,1.0
1234.0,0.8173993217575745,0.00021355252617339345,0.0
1235.0,1.0,3.581747930283181e-10,0.0
1235.0,1.0,1.493094676197164e-10,0.0
1236.0,0.998073226003552,0.0019267342527389902,0.0
1236.0,0.998073226003552,9.717443801221145e-10,0.0
1237.0,0.9999998063873693,1.4449802461092448e-07,0.0
1237.0,0.9999998063873693,4.691164021834418e-08,0.0
1238.0,1.0,7.582560427911907e-10,0.0
1238.0,1.0,2.8823507934443873e-13,0.0
1239.0,0.9995678745024916,0.00043055649375767685,1.0
1239.0,0.9995678745024916,1.5528291783586244e-06,0.0
1240.0,1.0,4.058652126475693e-10,0.0
1240.0,1.0,1.3887943864964021e-11,0.0
1241.0,0.9999976607241555,2.2603250957489616e-06,0.0
1241.0,0.9999976607241555,5.211402547917536e-10,0.0
1242.0,1.0,2.215948977336598e-08,0.0
1242.0,1.0,1.7257827987960214e-08,0.0
1243.0,1.0,5.4927883509546835e-11,0.0
1243.0,1.0,1.1399918530443554e-12,0.0
1244.0,1.0,1.463778514125909e-12,0.0
1244.0,1.0,3.701011678592672e-13,0.0
1245.0,0.9999951574562983,4.78509457496562e-06,1.0
1245.0,0.9999951574562983,1.9171605436463008e-10,0.0
1246.0,1.0,1.3176514270095466e-10,0.0
1246.0,1.0,1.2256067444099483e-11,0.0
1247.0,1.0,7.991959892953932e-11,0.0
1247.0,1.0,2.5946094982764667e-11,0.0
1248.0,1.0,1.1399918530443554e-12,0.0
1248.0,1.0,0.0,0.0
1249.0,0.9999996871837232,1.8553913626159784e-07,0.0
1249.0,0.9999996871837232,5.4927883509546835e-11,0.0
1250.0,0.999897654087283,9.610184502586723e-05,1.0
1250.0,0.999897654087283,6.143585410522161e-06,1.0
1251.0,1.0,2.7346982915918745e-12,0.0
1251.0,1.0,2.413362771833214e-12,0.0
1252.0,0.9999937270200764,6.144171336422507e-06,1.0
1252.0,0.9999937270200764,2.2159362976111183e-08,0.0
1253.0,1.0,7.194133030325383e-09,0.0
1253.0,1.0,1.2501528663867426e-09,0.0
1254.0,1.0,1.3440409951135022e-08,0.0
1254.0,1.0,9.736200313009565e-10,0.0
1255.0,1.0,5.109089028063325e-12,0.0
1255.0,1.0,0.0,0.0
1256.0,1.0,4.277787868968998e-11,0.0
1256.0,1.0,2.289734845645553e-11,0.0
1257.0,0.999395798781048,0.000552750323661351,0.0
1257.0,0.999395798781048,5.1413764500390284e-05,0.0
1258.0,0.9367444572446952,0.052847503223094776,1.0
1258.0,0.9367444572446952,0.010406290390018638,1.0
1259.0,0.9999996871837232,6.82560337633487e-08,0.0
1259.0,0.9999996871837232,6.82560337633487e-08,0.0
1260.0,0.9814098050074556,0.017975151038956024,1.0
1260.0,0.9814098050074556,0.0006150758449210639,1.0
1261.0,1.0,9.237449661970594e-09,0.0
1261.0,1.0,3.850741922767617e-09,0.0
1262.0,1.0,4.508755242294825e-12,0.0
1262.0,1.0,0.0,0.0
1263.0,0.8175721892391794,0.18242502439121894,1.0
1263.0,0.8175721892391794,2.688798776355672e-06,1.0
1264.0,0.9997350039668779,0.00026118930123256916,0.0
1264.0,0.9997350039668779,3.725665287309434e-06,0.0
1265.0,1.0,7.05287985111216e-11,0.0
1265.0,1.0,5.4927883509546835e-11,0.0
1266.0,0.9999956342685238,3.2887441993747145e-06,1.0
1266.0,0.9999956342685238,9.422409887669812e-07,1.0
1267.0,1.0,3.581747930283181e-10,0.0
1267.0,1.0,6.560200168153779e-12,0.0
1268.0,1.0,1.783247290814639e-11,0.0
1268.0,1.0,7.433680672352188e-12,0.0
1269.0,1.0,3.775134544279098e-11,0.0
1269.0,1.0,5.675685232632723e-14,0.0
1270.0,0.9999995679801056,3.059023205018258e-07,1.0
1270.0,0.9999995679801056,4.944450501938644e-09,0.0
1271.0,0.8793004014240527,0.11900036355706049,1.0
1271.0,0.8793004014240527,0.0016974490210338615,1.0
1272.0,0.9854978089020797,0.010947891665970433,1.0
1272.0,0.9854978089020797,0.0035542600417292148,1.0
1273.0,0.9999984951481292,1.370956471489639e-06,0.0
1273.0,0.9999984951481292,2.5109943663977427e-08,0.0
1274.0,1.0,2.129785170955785e-12,0.0
1274.0,1.0,1.5428112031918877e-13,0.0
1275.0,0.9996644712674415,0.0003353500342255387,0.0
1275.0,0.9996644712674415,4.689589493518685e-08,0.0
1276.0,1.0,5.905303998944039e-10,0.0
1276.0,1.0,1.57371021068629e-11,0.0
1277.0,0.999647914961189,0.0003353445974194618,1.0
1277.0,0.999647914961189,1.6695824398516556e-05,1.0
1278.0,1.0,9.736200313009565e-10,0.0
1278.0,1.0,3.775134544279098e-11,0.0
1279.0,1.0,3.775134544279098e-11,0.0
1279.0,1.0,8.423463754468647e-12,0.0
1280.0,0.9999976607241555,2.2603250957489616e-06,0.0
1280.0,0.9999976607241555,3.850734578067279e-09,0.0
1281.0,0.562176402043672,0.4378234221358767,1.0
1281.0,0.562176402043672,4.348111293817626e-08,0.0
1282.0,0.9820135437510639,0.01798620273753547,1.0
1282.0,0.9820135437510639,1.1051104904943109e-07,0.0
1283.0,0.9890126361593897,0.010986936344888492,1.0
1283.0,0.9890126361593897,3.025412161699181e-07,0.0
1284.0,1.0,1.463778514125909e-12,0.0
1284.0,1.0,1.2917800047859961e-12,0.0
1285.0,1.0,4.058652126475693e-10,0.0
1285.0,1.0,4.058652126475693e-10,0.0
1286.0,1.0,1.6052280551856116e-09,0.0
1286.0,1.0,8.592166619174109e-10,0.0
1287.0,1.0,4.363462252943702e-09,0.0
1287.0,1.0,2.335593038799337e-09,0.0
1288.0,0.9998896682925232,7.484354977065488e-05,1.0
1288.0,0.9998896682925232,3.535358960006481e-05,1.0
1289.0,1.0,1.463778514125909e-12,0.0
1289.0,1.0,0.0,0.0
1290.0,1.0,3.775134544279098e-11,0.0
1290.0,1.0,2.020683909022217e-11,0.0
1291.0,0.8807969943837407,0.11920291248514252,1.0
1291.0,0.8807969943837407,3.8433235784498595e-09,1.0
1292.0,1.0,6.914400106940203e-13,0.0
1292.0,1.0,0.0,0.0
1293.0,1.0,4.277787868968998e-11,0.0
1293.0,1.0,1.6586783589142312e-12,0.0
1294.0,0.5621321727949689,0.43778897636235203,1.0
1294.0,0.5621321727949689,7.860947384329916e-05,1.0
1295.0,1.0,2.543665647376923e-13,0.0
1295.0,1.0,0.0,0.0
1296.0,1.0,1.186112015134383e-08,0.0
1296.0,1.0,1.6052280551856116e-09,0.0
1297.0,0.9996731702562461,0.00020340182329783109,0.0
1297.0,0.9996731702562461,0.00012336944207158598,0.0
1298.0,0.9859363206911979,0.014063626520379485,1.0
1298.0,0.9859363206911979,3.178841343491205e-08,0.0
1299.0,1.0,1.8795288165390832e-12,0.0
1299.0,1.0,0.0,0.0
1300.0,1.0,1.463778514125909e-12,0.0
1300.0,1.0,0.0,0.0
1301.0,1.0,5.109089028063325e-12,0.0
1301.0,1.0,4.420228103641173e-14,0.0
1302.0,0.9914124646134986,0.008577399039570017,0.0
1302.0,0.9914124646134986,1.0043096945903377e-05,0.0
1303.0,1.0,2.289734845645553e-11,0.0
1303.0,1.0,1.1399918530443554e-12,0.0
1304.0,0.730433138305214,0.26871134274104685,1.0
1304.0,0.730433138305214,0.000855249403434199,1.0
1305.0,1.0,7.991959892953932e-11,0.0
1305.0,1.0,1.463778514125909e-12,0.0
1306.0,1.0,1.3615261080896538e-13,0.0
1306.0,1.0,1.0603575991523846e-13,0.0
1307.0,0.9394785178575723,0.03214718527895505,1.0
1307.0,0.9394785178575723,0.028369791435490933,1.0
1308.0,1.0,4.8473687062702556e-11,0.0
1308.0,1.0,4.277787868968998e-11,0.0
1309.0,1.0,8.423463754468647e-12,0.0
1309.0,1.0,2.413362771833214e-12,0.0
1310.0,1.0,1.6586783589142312e-12,0.0
1310.0,1.0,0.0,0.0
1311.0,1.0,1.783247290814639e-11,1.0
1311.0,1.0,1.57371021068629e-11,0.0
1312.0,1.0,7.05287985111216e-11,0.0
1312.0,1.0,4.8473687062702556e-11,0.0
1313.0,1.0,3.775134544279098e-11,0.0
1313.0,1.0,6.560200168153779e-12,0.0
1314.0,0.9999722707259225,2.7535687796947383e-05,1.0
1314.0,0.9999722707259225,8.763997475877685e-08,0.0
1315.0,0.9968209386577176,0.0031726619280033424,1.0
1315.0,0.9968209386577176,6.124678341766231e-06,0.0
1316.0,1.0,2.9989608248573072e-09,1.0
1316.0,1.0,1.0815941557285693e-11,0.0
1317.0,1.0,4.277787868968998e-11,0.0
1317.0,1.0,6.560200168153779e-12,0.0
1318.0,0.9992658070742344,0.0007096530784650947,0.0
1318.0,0.9992658070742344,2.428299299915663e-05,0.0
1319.0,1.0,1.1399918530443554e-12,0.0
1319.0,1.0,4.420228103641173e-14,0.0
1320.0,1.0,1.2501528663867426e-09,0.0
1320.0,1.0,1.917171513758312e-10,0.0
1321.0,0.9992860350623659,0.0007096672909436163,0.0
1321.0,0.9992860350623659,4.219835962729463e-06,0.0
1322.0,0.7772926620877885,0.2226980762523782,1.0
1322.0,0.7772926620877885,7.87405117511742e-06,0.0
1323.0,0.7594711869623785,0.2175921381418237,1.0
1323.0,0.7594711869623785,0.022934042630906284,1.0
1324.0,1.0,2.646573638909117e-09,0.0
1324.0,1.0,5.109089028063325e-12,0.0
1325.0,0.9955020573714931,0.004068389661066252,1.0
1325.0,0.9955020573714931,0.000428805115491889,1.0
1326.0,0.9998765647550606,0.0001233946226544279,0.0
1326.0,0.9998765647550606,3.65302929161789e-08,0.0
1327.0,0.5121434428870046,0.39885771436528455,1.0
1327.0,0.5121434428870046,0.08899718037811714,0.0
1328.0,1.0,2.289734845645553e-11,0.0
1328.0,1.0,1.463778514125909e-12,0.0
1329.0,0.9997963611393074,0.0002034268481403553,1.0
1329.0,0.9997963611393074,1.2749303691078063e-07,1.0
1330.0,0.9999742971332993,2.1444856121450347e-05,1.0
1330.0,0.9999742971332993,4.222742543387703e-06,0.0
1331.0,0.8807854314245085,0.11920134938499495,1.0
1331.0,0.8807854314245085,1.2982066136250782e-05,1.0
1332.0,1.0,5.602796437537268e-09,0.0
1332.0,1.0,2.9400777392844726e-11,0.0
1333.0,1.0,4.5990553786523166e-10,0.0
1333.0,1.0,3.581747930283181e-10,0.0
1334.0,0.9999803763818875,1.6701366305950292e-05,1.0
1334.0,0.9999803763818875,2.9022622839953758e-06,1.0
1335.0,1.0,1.2256067444099483e-11,0.0
1335.0,1.0,6.914400106940203e-13,0.0
1336.0,1.0,9.056076989672867e-11,0.0
1336.0,1.0,3.775134544279098e-11,0.0
1337.0,0.9975265782819259,0.0024726206665512647,1.0
1337.0,0.9975265782819259,8.294718266073478e-07,0.0
1338.0,0.9046248666567894,0.09534675449228465,1.0
1338.0,0.9046248666567894,2.822690419546567e-05,0.0
1339.0,0.999998137537802,1.7603429545652396e-06,1.0
1339.0,0.999998137537802,4.847359460656998e-11,0.0
1340.0,0.9992882983079844,0.0007096689829243048,1.0
1340.0,0.9992882983079844,1.993313168786599e-06,0.0
1341.0,0.6224593113235651,0.377540667992942,0.0
1341.0,0.6224593113235651,1.8667307002966187e-09,1.0
1342.0,1.0,1.57371021068629e-11,0.0
1342.0,1.0,4.752193062771153e-13,0.0
1343.0,1.0,1.6052280551856116e-09,0.0
1343.0,1.0,2.8823507934443873e-13,0.0
1344.0,1.0,1.783247290814639e-11,0.0
1344.0,1.0,9.545034922840628e-12,0.0
1345.0,1.0,4.363462252943702e-09,0.0
1345.0,1.0,2.413362771833214e-12,0.0
1346.0,1.0,1.1399918530443554e-12,0.0
1346.0,1.0,6.914400106940203e-13,0.0
1347.0,1.0,1.162823303022097e-10,0.0
1347.0,1.0,5.789356328730652e-12,0.0
1348.0,1.0,8.592166619174109e-10,0.0
1348.0,1.0,2.7894680928689246e-10,0.0
1349.0,0.8175632714965304,0.18242302370049504,1.0
1349.0,0.8175632714965304,1.3654690626564e-05,1.0
1350.0,1.0,2.2447770550209742e-13,0.0
1350.0,1.0,0.0,0.0
1351.0,0.9999702443208331,1.670120703006883e-05,0.0
1351.0,0.9999702443208331,1.3006913113255259e-05,1.0
1352.0,0.999999448776502,5.043471815847051e-07,0.0
1352.0,0.999999448776502,2.8453348089834e-08,0.0
1353.0,1.0,1.8795288165390832e-12,0.0
1353.0,1.0,2.543665647376923e-13,0.0
1354.0,1.0,9.736200313009565e-10,1.0
1354.0,1.0,1.0815941557285693e-11,0.0
1355.0,1.0,1.026187963170189e-10,0.0
1355.0,1.0,2.2447770550209742e-13,0.0
1356.0,0.9999998063873693,1.4449802461092448e-07,0.0
1356.0,0.9999998063873693,3.0988191387218256e-12,0.0
1357.0,1.0,7.05287985111216e-11,0.0
1357.0,1.0,0.0,0.0
1358.0,0.999998137537802,1.7603429545652396e-06,1.0
1358.0,0.999998137537802,1.7257795071296986e-08,0.0
1359.0,1.0,5.789356328730652e-12,0.0
1359.0,1.0,1.8795288165390832e-12,0.0
1360.0,1.0,1.186112015134383e-08,0.0
1360.0,1.0,1.6052280551856116e-09,0.0
1361.0,1.0,1.8795288165390832e-12,0.0
1361.0,1.0,1.006039279283317e-12,0.0
1362.0,1.0,4.8473687062702556e-11,0.0
1362.0,1.0,3.97896253583724e-12,0.0
1363.0,1.0,4.1937956583795446e-13,0.0
1363.0,1.0,0.0,0.0
1364.0,1.0,1.0815941557285693e-11,0.0
1364.0,1.0,9.545034922840628e-12,0.0
1365.0,0.9999723899264568,2.7535687796947383e-05,0.0
1365.0,0.9999723899264568,1.046712228869345e-08,0.0
1366.0,0.999664355734915,0.0003353500342255387,1.0
1366.0,0.999664355734915,2.101728197747491e-07,1.0
1367.0,1.0,4.139937718785167e-08,0.0
1367.0,1.0,8.152020714470167e-09,0.0
1368.0,0.9975183917999042,0.0024726006229965005,1.0
1368.0,0.9975183917999042,8.917594509228118e-06,1.0
1369.0,1.0,3.331544542166412e-11,0.0
1369.0,1.0,1.0815941557285693e-11,0.0
1370.0,0.9999998063873693,1.4449802461092448e-07,1.0
1370.0,0.9999998063873693,4.058652126475693e-10,0.0
1371.0,1.0,9.056076989672867e-11,0.0
1371.0,1.0,1.3887943864964021e-11,0.0
1372.0,1.0,9.056076989672867e-11,0.0
1372.0,1.0,5.109089028063325e-12,0.0
1373.0,1.0,6.224144622907783e-11,0.0
1373.0,1.0,8.423463754468647e-12,0.0
1374.0,0.9999995679801056,3.059023205018258e-07,0.0
1374.0,0.9999995679801056,2.8823507934443873e-13,0.0
1375.0,0.9859359717658536,0.01406361981432138,1.0
1375.0,0.9859359717658536,3.417576520031862e-07,1.0
1376.0,1.0,6.560200168153779e-12,0.0
1376.0,1.0,2.413362771833214e-12,0.0
1377.0,1.0,1.9555681087850496e-08,0.0
1377.0,1.0,3.581747930283181e-10,0.0
1378.0,1.0,5.211412487888539e-10,0.0
1378.0,1.0,2.172439935079017e-10,0.0
1379.0,1.0,6.560200168153779e-12,0.0
1379.0,1.0,3.037975385443128e-14,0.0
1380.0,1.0,3.331544542166412e-11,0.0
1380.0,1.0,8.878265478459658e-13,0.0
1381.0,0.9997031928724325,0.00026118108140747986,1.0
1381.0,0.9997031928724325,3.5347015628326086e-05,1.0
1382.0,1.0,1.783247290814639e-11,0.0
1382.0,1.0,0.0,0.0
1383.0,1.0,3.331544542166412e-11,0.0
1383.0,1.0,1.006039279283317e-12,0.0
1384.0,1.0,2.9989608248573072e-09,0.0
1384.0,1.0,6.691586091292782e-10,0.0
1385.0,0.9999995679801056,3.927863545481039e-07,0.0
1385.0,0.9999995679801056,5.109089028063325e-12,0.0
1386.0,0.8470891427123204,0.14720202078317682,1.0
1386.0,0.8470891427123204,0.00570764174709636,0.0
1387.0,0.999999091165777,8.315279260963632e-07,1.0
1387.0,0.999999091165777,4.139937718785167e-08,1.0
1388.0,1.0,2.4616969518153846e-10,1.0
1388.0,1.0,5.384940217754036e-13,0.0
1389.0,0.9958988058598226,0.004070009849660517,0.0
1389.0,0.9958988058598226,3.107492349152079e-05,0.0
1390.0,0.9706877045032167,0.029312225847906822,1.0
1390.0,0.9706877045032167,1.6423039540135797e-10,0.0
1391.0,0.8804628847403078,0.11915770453918312,1.0
1391.0,0.8804628847403078,0.00037925285376348483,0.0
1392.0,1.0,5.211412487888539e-10,0.0
1392.0,1.0,1.162823303022097e-10,0.0
1393.0,1.0,6.224144622907783e-11,0.0
1393.0,1.0,3.5114221133765118e-12,0.0
1394.0,1.0,8.878265478459658e-13,0.0
1394.0,1.0,2.2447770550209742e-13,0.0
1395.0,1.0,1.006039279283317e-12,0.0
1395.0,1.0,0.0,0.0
1396.0,0.9241318974869824,0.07585735762098053,1.0
1396.0,0.9241318974869824,1.0608018959711565e-05,1.0
1397.0,1.0,1.162823303022097e-10,0.0
1397.0,1.0,7.991959892953932e-11,0.0
1398.0,1.0,1.57371021068629e-11,0.0
1398.0,1.0,2.413362771833214e-12,0.0
1399.0,0.9999996871837232,1.8553913626159784e-07,0.0
1399.0,0.9999996871837232,3.1608814543136926e-10,0.0
1400.0,1.0,1.8189616875530459e-09,0.0
1400.0,1.0,3.0988191387218256e-12,0.0
1401.0,0.9995693043386459,0.0004305571096741222,1.0
1401.0,0.9995693043386459,9.926914286222272e-08,0.0
1402.0,1.0,6.691586091292782e-10,0.0
1402.0,1.0,1.7482341282710566e-13,0.0
1403.0,1.0,1.9555681087850496e-08,1.0
1403.0,1.0,3.1608814543136926e-10,0.0
1404.0,1.0,8.423463754468647e-12,0.0
1404.0,1.0,2.7346982915918745e-12,0.0
1405.0,0.995929666682865,0.004070135999190959,1.0
1405.0,0.995929666682865,1.4390983705267863e-07,0.0
1406.0,0.9999976607241555,2.2603250957489616e-06,0.0
1406.0,0.9999976607241555,3.850734578067279e-09,0.0
1407.0,1.0,1.0815941557285693e-11,0.0
1407.0,1.0,7.835041785064389e-13,0.0
1408.0,0.9999998063873693,6.82560337633487e-08,0.0
1408.0,0.9999998063873693,1.4166087866431961e-09,0.0
1409.0,0.9999976607241555,2.2603250957489616e-06,0.0
1409.0,0.9999976607241555,8.152005165739432e-09,0.0
1410.0,1.0,2.510999155743982e-08,0.0
1410.0,1.0,2.172439935079017e-10,0.0
1411.0,0.9999976607241555,2.2603250957489616e-06,1.0
1411.0,0.9999976607241555,4.599046606658694e-10,0.0
1412.0,1.0,3.775134544279098e-11,0.0
1412.0,1.0,5.109089028063325e-12,0.0
1413.0,0.9914203175221006,0.008577464480180978,1.0
1413.0,0.9914203175221006,1.977620017831882e-06,1.0
1414.0,0.9999869324773292,1.3007123989067183e-05,0.0
1414.0,0.9999869324773292,1.9171459169279302e-10,0.0
1415.0,0.9975272845688867,0.002472623024627213,0.0
1415.0,0.9975272845688867,6.808725867866587e-08,0.0
1416.0,0.9999984951481292,1.370956471489639e-06,0.0
1416.0,0.9999984951481292,1.7482307937822623e-13,0.0
1417.0,0.9998765647550606,0.0001233946226544279,0.0
1417.0,0.9998765647550606,6.348013055444268e-09,0.0
1418.0,0.9890125191809928,0.010986936344888492,1.0
1418.0,0.9890125191809928,4.988061383628296e-07,0.0
1419.0,1.0,3.1608814543136926e-10,0.0
1419.0,1.0,1.6918979226151304e-10,0.0
1420.0,1.0,3.775134544279098e-11,0.0
1420.0,1.0,1.2256067444099483e-11,0.0
1421.0,0.9999880052965596,1.1478757578876643e-05,1.0
1421.0,0.9999880052965596,4.450797320133171e-07,0.0
1422.0,1.0,7.194133030325383e-09,0.0
1422.0,1.0,4.944450501938644e-09,0.0
1423.0,1.0,2.9400777392844726e-11,0.0
1423.0,1.0,1.57371021068629e-11,0.0
1424.0,1.0,9.237449661970594e-09,0.0
1424.0,1.0,2.7894680928689246e-10,0.0
1425.0,0.9994471201618464,0.0005527785265734312,0.0
1425.0,0.9994471201618464,1.7248284786085156e-08,0.0
1426.0,0.999998137537802,1.7603429545652396e-06,0.0
1426.0,0.999998137537802,1.955564378838448e-08,0.0
1427.0,0.9999635691362145,3.5356219531090163e-05,1.0
1427.0,0.9999635691362145,8.314985853614439e-07,0.0
1428.0,0.999998137537802,1.7603429545652396e-06,0.0
1428.0,0.999998137537802,5.492777874302323e-11,0.0
1429.0,0.9280322660707984,0.03598371971256733,0.0
1429.0,0.9280322660707984,0.03598371971256733,1.0
1430.0,0.9980731070239589,0.0019267342527389902,1.0
1430.0,0.9980731070239589,8.747364145599655e-08,0.0
1431.0,1.0,4.508755242294825e-12,0.0
1431.0,1.0,3.0988191387218256e-12,0.0
1432.0,0.999999448776502,2.1024318473456359e-07,0.0
1432.0,0.999999448776502,1.8553895931777327e-07,0.0
1433.0,0.9999825220092511,1.6701414089010932e-05,0.0
1433.0,0.9999825220092511,7.338089222459148e-07,0.0
1434.0,1.0,5.211412487888539e-10,0.0
1434.0,1.0,6.914400106940203e-13,0.0
1435.0,0.9999953958623826,2.5612765577945685e-06,0.0
1435.0,0.9999953958623826,1.9947241888728423e-06,1.0
1436.0,0.9991319093366386,0.0007095579975382567,0.0
1436.0,0.9991319093366386,0.0001583237141306625,0.0
1437.0,0.9995690660227811,0.0004305569043685425,1.0
1437.0,0.9995690660227811,3.464833536824325e-07,0.0
1438.0,0.9968273299853154,0.0031726831078774057,1.0
1438.0,0.9968273299853154,2.8363077013085146e-08,1.0
1439.0,1.0,1.463778514125909e-12,0.0
1439.0,1.0,3.2661313427874473e-13,0.0
1440.0,1.0,4.508755242294825e-12,0.0
1440.0,1.0,2.7346982915918745e-12,0.0
1441.0,0.99959217088215,0.00037997401248861994,1.0
1441.0,0.99959217088215,2.7525212018958252e-05,1.0
1442.0,1.0,3.775134544279098e-11,0.0
1442.0,1.0,6.101936677605324e-13,0.0
1443.0,0.9999993295729128,6.47594599989589e-07,0.0
1443.0,0.9999993295729128,1.3176514270095466e-10,0.0
1444.0,1.0,2.061153622438558e-09,0.0
1444.0,1.0,1.3176514270095466e-10,0.0
1445.0,0.9999634499385507,2.7535451457257516e-05,1.0
1445.0,0.9999634499385507,8.93945225542472e-06,0.0
1446.0,0.9999897933314713,1.0129987330277146e-05,0.0
1446.0,0.9999897933314713,1.1628122135277898e-10,0.0
1447.0,0.9241413648493554,0.07585813531451396,1.0
1447.0,0.9241413648493554,4.113218467419622e-07,1.0
1448.0,0.9999937270200764,6.144171336422507e-06,1.0
1448.0,0.9999937270200764,2.1724275043135617e-10,0.0
1449.0,0.9971656289001157,0.001924982096889495,1.0
1449.0,0.9971656289001157,0.0009092971571958607,1.0
1450.0,1.0,3.2661313427874473e-13,0.0
1450.0,1.0,1.5428112031918877e-13,0.0
1451.0,0.9999996871837232,2.382369667501818e-07,0.0
1451.0,0.9999996871837232,2.020683909022217e-11,0.0
1452.0,1.0,1.006039279283317e-12,0.0
1452.0,1.0,0.0,0.0
1453.0,1.0,1.3615261080896538e-13,0.0
1453.0,1.0,8.25807328555592e-14,0.0
1454.0,0.9999937270200764,6.144171336422507e-06,1.0
1454.0,0.9999937270200764,0.0,1.0
1455.0,0.999998137537802,1.7603429545652396e-06,1.0
1455.0,0.999998137537802,2.461692256505547e-10,0.0
1456.0,0.9999543908303483,3.535588234951305e-05,0.0
1456.0,0.9999543908303483,1.0129629890360017e-05,0.0
1457.0,1.0,2.020683909022217e-11,0.0
1457.0,1.0,1.2256067444099483e-11,0.0
1458.0,1.0,1.2917800047859961e-12,0.0
1458.0,1.0,1.3615261080896538e-13,0.0
1459.0,1.0,7.05287985111216e-11,0.0
1459.0,1.0,2.8823507934443873e-13,0.0
1460.0,0.9999968263007644,2.902312105056987e-06,0.0
1460.0,0.9999968263007644,2.1024278372789506e-07,0.0
1461.0,1.0,5.789356328730652e-12,0.0
1461.0,1.0,2.7346982915918745e-12,1.0
1462.0,1.0,3.97896253583724e-12,0.0
1462.0,1.0,0.0,0.0
1463.0,0.9399129436974165,0.0600866201819544,1.0
1463.0,0.9399129436974165,3.2580465605638933e-07,0.0
1464.0,0.9999545100305701,4.539785156619626e-05,1.0
1464.0,0.9999545100305701,3.6533149744055504e-08,1.0
1465.0,1.0,1.8795288165390832e-12,0.0
1465.0,1.0,3.2661313427874473e-13,0.0
1466.0,0.999998137537802,1.2098648396679127e-06,1.0
1466.0,0.999998137537802,5.714996835964923e-07,1.0
1467.0,1.0,4.363462252943702e-09,1.0
1467.0,1.0,7.05287985111216e-11,0.0
1468.0,0.9999962302845802,3.7266389560521204e-06,0.0
1468.0,0.9999962302845802,4.058636643976055e-10,0.0
1469.0,0.9999723899264568,2.7535687796947383e-05,0.0
1469.0,0.9999723899264568,8.591937186635822e-10,0.0
1470.0,0.9635933823769837,0.0226615466390575,1.0
1470.0,0.9635933823769837,0.013744919556051576,0.0
1471.0,0.9997666895887276,0.00015842430491931086,0.0
1471.0,0.9997666895887276,7.483434278512625e-05,1.0
1472.0,0.999088951739003,0.0009110514045295695,1.0
1472.0,0.999088951739003,2.9962278803663076e-09,0.0
1473.0,0.4998224087523634,0.4998224087523634,1.0
1473.0,0.4998224087523634,0.0003549610736655204,1.0
1474.0,0.9046174594485689,0.09534598159253456,1.0
1474.0,0.9046174594485689,3.624375133743972e-05,1.0
1475.0,0.999999448776502,5.043471815847051e-07,0.0
1475.0,0.999999448776502,3.2241867372567335e-08,1.0
1476.0,1.0,4.508755242294825e-12,0.0
1476.0,1.0,0.0,0.0
1477.0,0.9999984951481292,1.370956471489639e-06,0.0
1477.0,0.9999984951481292,3.775127343788253e-11,0.0
1478.0,1.0,2.8823507934443873e-13,0.0
1478.0,1.0,0.0,0.0
1479.0,1.0,4.508755242294825e-12,0.0
1479.0,1.0,2.129785170955785e-12,0.0
1480.0,0.9992813931273227,0.0007096639069943414,1.0
1480.0,0.9992813931273227,8.933350205566222e-06,0.0
1481.0,0.8518050658293673,0.14802153195731313,1.0
1481.0,0.8518050658293673,0.00017331539520710752,0.0
1482.0,1.0,5.905303998944039e-10,0.0
1482.0,1.0,5.211412487888539e-10,0.0
1483.0,1.0,4.944450501938644e-09,0.0
1483.0,1.0,1.6052280551856116e-09,0.0
1484.0,1.0,2.289734845645553e-11,0.0
1484.0,1.0,2.129785170955785e-12,0.0
1485.0,0.9975274032511579,0.002472623024627213,1.0
1485.0,0.9975274032511579,2.6400295186988085e-09,0.0
1486.0,0.9878893791587068,0.008546917221805788,1.0
1486.0,0.9878893791587068,0.0035628851751069866,0.0
1487.0,1.0,1.783247290814639e-11,0.0
1487.0,1.0,5.675685232632723e-14,0.0
1488.0,0.9999415175046573,4.539728873773941e-05,1.0
1488.0,0.9999415175046573,1.3006540987809426e-05,1.0
1489.0,0.9819843455792089,0.01798567100302797,1.0
1489.0,0.9819843455792089,1.1272100207107877e-05,0.0
1490.0,0.9999984951481292,1.370956471489639e-06,0.0
1490.0,0.9999984951481292,4.9444410711567335e-09,0.0
1491.0,0.9999869324773292,1.3007123989067183e-05,1.0
1491.0,0.9999869324773292,3.653433434796543e-08,0.0
1492.0,0.9999998063873693,9.931194312156244e-08,0.0
1492.0,0.9999998063873693,1.8189616875530459e-09,0.0
1493.0,0.9999984951481292,1.370956471489639e-06,1.0
1493.0,0.9999984951481292,6.348788006680007e-09,0.0
1494.0,1.0,2.020683909022217e-11,0.0
1494.0,1.0,6.914400106940203e-13,0.0
1495.0,1.0,5.3157852544244216e-08,1.0
1495.0,1.0,8.592166619174109e-10,0.0
1496.0,1.0,7.05287985111216e-11,0.0
1496.0,1.0,2.413362771833214e-12,0.0
1497.0,0.6224592556713684,0.37754062298658986,1.0
1497.0,0.6224592556713684,1.3793377866087815e-08,1.0
1498.0,0.9975274032511579,0.002472623024627213,1.0
1498.0,0.9975274032511579,4.932224475810785e-09,1.0
1499.0,0.9994402138837102,0.0005527748363909643,1.0
1499.0,0.9994402138837102,6.958408268527641e-06,0.0
1500.0,1.0,8.423463754468647e-12,0.0
1500.0,1.0,0.0,0.0
1501.0,1.0,7.433680672352188e-12,0.0
1501.0,1.0,6.560200168153779e-12,0.0
1502.0,1.0,6.101936677605324e-13,0.0
1502.0,1.0,4.1937956583795446e-13,0.0
1503.0,1.0,3.97896253583724e-12,0.0
1503.0,1.0,0.0,0.0
1504.0,1.0,3.701011678592672e-13,0.0
1504.0,1.0,0.0,0.0
1505.0,1.0,1.8795288165390832e-12,0.0
1505.0,1.0,1.6586783589142312e-12,0.0
1506.0,1.0,1.2917800047859961e-12,0.0
1506.0,1.0,7.835041785064389e-13,0.0
1507.0,1.0,9.237449661970594e-09,0.0
1507.0,1.0,2.543665647376923e-13,1.0
1508.0,0.9999984951481292,8.315271330899149e-07,0.0
1508.0,0.9999984951481292,5.714996835964923e-07,0.0
1509.0,0.9999987335551229,8.315279260963632e-07,0.0
1509.0,0.9999987335551229,3.059020287707785e-07,0.0
1510.0,0.999088951739003,0.0009110514045295695,1.0
1510.0,0.999088951739003,1.5216100707381978e-08,0.0
1511.0,0.9999984951481292,1.370956471489639e-06,0.0
1511.0,0.9999984951481292,4.9444410711567335e-09,0.0
1512.0,1.0,3.701011678592672e-13,0.0
1512.0,1.0,0.0,0.0
1513.0,0.999998137537802,1.7603429545652396e-06,1.0
1513.0,0.999998137537802,2.1724357914826287e-10,0.0
1514.0,1.0,6.560200168153779e-12,0.0
1514.0,1.0,1.6586783589142312e-12,0.0
1515.0,1.0,1.2015425731771786e-13,0.0
1515.0,1.0,0.0,0.0
1516.0,0.9999723899264568,2.7535687796947383e-05,0.0
1516.0,0.9999723899264568,4.0585437502184956e-10,0.0
1517.0,1.0,1.2917800047859961e-12,0.0
1517.0,1.0,1.006039279283317e-12,0.0
1518.0,0.679177907089978,0.3208209266699501,1.0
1518.0,0.679177907089978,1.05510286695688e-06,0.0
1519.0,1.0,5.3157852544244216e-08,0.0
1519.0,1.0,3.1608814543136926e-10,0.0
1520.0,1.0,1.2917800047859961e-12,0.0
1520.0,1.0,1.5428112031918877e-13,0.0
1521.0,1.0,1.6918979226151304e-10,0.0
1521.0,1.0,0.0,0.0
1522.0,1.0,1.0815941557285693e-11,0.0
1522.0,1.0,8.878265478459658e-13,0.0
1523.0,0.9947797899743182,0.005220125868449866,1.0
1523.0,0.9947797899743182,8.718498034227094e-08,0.0
1524.0,0.9705658443783164,0.029308550085718307,1.0
1524.0,0.9705658443783164,9.328271262669514e-05,1.0
1525.0,0.9890104144933004,0.010986915388990461,0.0
1525.0,0.9890104144933004,2.2354897546558364e-06,1.0
1526.0,1.0,6.101936677605324e-13,0.0
1526.0,1.0,2.2447770550209742e-13,0.0
1527.0,0.9871279428321166,0.010966000399292918,1.0
1527.0,0.9871279428321166,0.0019056051332642862,1.0
1528.0,1.0,2.646573638909117e-09,0.0
1528.0,1.0,5.211412487888539e-10,0.0
1529.0,1.0,1.3440409951135022e-08,0.0
1529.0,1.0,5.211412487888539e-10,0.0
1530.0,0.955648173740367,0.03705450531985557,1.0
1530.0,0.955648173740367,0.007296464716395479,1.0
1531.0,0.9995691852097977,0.0004305569043685425,0.0
1531.0,0.9995691852097977,1.6366714736111639e-07,0.0
1532.0,0.9994471201618464,0.0005527785265734312,1.0
1532.0,0.9994471201618464,2.997302465034335e-09,0.0
1533.0,0.9770223874271046,0.022977361934812198,1.0
1533.0,0.9770223874271046,6.668773007869744e-08,0.0
1534.0,0.9523645185540848,0.04741543916274277,1.0
1534.0,0.9523645185540848,0.00021957709782870484,1.0
1535.0,1.0,9.545034922840628e-12,0.0
1535.0,1.0,0.0,0.0
1536.0,1.0,4.363462252943702e-09,0.0
1536.0,1.0,3.850741922767617e-09,0.0
1537.0,1.0,1.026187963170189e-10,0.0
1537.0,1.0,1.57371021068629e-11,0.0
1538.0,0.9757574767503291,0.022947617979559132,1.0
1538.0,0.9757574767503291,0.0012946157085537227,0.0
1539.0,0.9998411699326909,0.00015843609000250583,0.0
1539.0,0.9998411699326909,3.0585360527308295e-07,0.0
1540.0,0.8175728349265083,0.18242515487181094,1.0
1540.0,0.8175728349265083,2.094040589579008e-06,1.0
1541.0,0.9999993295729128,6.47594599989589e-07,0.0
1541.0,0.9999993295729128,2.5946094982764667e-11,0.0
1542.0,0.5621738219085876,0.43782141272465247,1.0
1542.0,0.5621738219085876,4.4351729478129624e-06,1.0
1543.0,1.0,1.8795288165390832e-12,0.0
1543.0,1.0,1.7482341282710566e-13,0.0
1544.0,0.9999962302845802,3.7266389560521204e-06,1.0
1544.0,0.9999962302845802,5.315764976351624e-08,0.0
1545.0,0.9999897933314713,1.0129987330277146e-05,0.0
1545.0,0.9999897933314713,9.055990624604364e-11,0.0
1546.0,1.0,2.289734845645553e-11,0.0
1546.0,1.0,1.7482341282710566e-13,0.0
1547.0,0.9997386983078135,0.0002611902975925828,0.0
1547.0,0.9997386983078135,1.725331898993902e-08,0.0
1548.0,0.9999825220092511,1.473894620233487e-05,1.0
1548.0,0.9999825220092511,2.5612448038836927e-06,0.0
1549.0,1.0,1.4166087866431961e-09,0.0
1549.0,1.0,7.991959892953932e-11,0.0
1550.0,1.0,1.026187963170189e-10,0.0
1550.0,1.0,2.9400777392844726e-11,0.0
1551.0,0.9999988527586979,1.0677029917933763e-06,0.0
1551.0,0.9999988527586979,1.955564378838448e-08,0.0
1552.0,1.0,9.237449661970594e-09,0.0
1552.0,1.0,4.944450501938644e-09,0.0
1553.0,0.8519521382855323,0.14804708490698937,1.0
1553.0,0.8519521382855323,7.084226808424349e-07,1.0
1554.0,1.0,2.7894680928689246e-10,0.0
1554.0,1.0,3.775134544279098e-11,0.0
1555.0,0.9999993295729128,6.47594599989589e-07,0.0
1555.0,0.9999993295729128,7.582560427911907e-10,0.0
1556.0,1.0,2.646573638909117e-09,0.0
1556.0,1.0,1.103256032343554e-09,0.0
1557.0,1.0,5.384940217754036e-13,0.0
1557.0,1.0,0.0,0.0
1558.0,1.0,1.2501528663867426e-09,0.0
1558.0,1.0,2.543665647376923e-13,0.0
1559.0,0.9769732328030531,0.02297620605735979,1.0
1559.0,0.9769732328030531,5.026023469703917e-05,0.0
1560.0,1.0,1.9555681087850496e-08,0.0
1560.0,1.0,7.05287985111216e-11,0.0
1561.0,1.0,3.775134544279098e-11,0.0
1561.0,1.0,1.783247290814639e-11,0.0
1562.0,1.0,9.056076989672867e-11,0.0
1562.0,1.0,6.224144622907783e-11,0.0
1563.0,0.8174683742225589,0.1824018438205575,1.0
1563.0,0.8174683742225589,0.0001295371488430778,1.0
1564.0,0.999997064707474,2.902312105056987e-06,0.0
1564.0,0.999997064707474,1.6052219317382184e-09,0.0
1565.0,1.0,1.2501528663867426e-09,0.0
1565.0,1.0,7.991959892953932e-11,0.0
1566.0,0.9999998063873693,1.4449802461092448e-07,1.0
1566.0,0.9999998063873693,9.056076989672867e-11,0.0
1567.0,1.0,4.139937718785167e-08,1.0
1567.0,1.0,2.7894680928689246e-10,0.0
1568.0,1.0,1.2501528663867426e-09,0.0
1568.0,1.0,7.582560427911907e-10,0.0
1569.0,0.9975060511210971,0.0024725699684623095,1.0
1569.0,0.9975060511210971,2.13919319359911e-05,0.0
1570.0,0.9999995679801056,3.059023205018258e-07,0.0
1570.0,0.9999995679801056,1.3440409951135022e-08,0.0
1571.0,1.0,4.277787868968998e-11,0.0
1571.0,1.0,1.8795288165390832e-12,0.0
1572.0,1.0,3.2241867372567335e-08,1.0
1572.0,1.0,9.056076989672867e-11,0.0
1573.0,1.0,1.3887943864964021e-11,0.0
1573.0,1.0,8.423463754468647e-12,0.0
1574.0,1.0,7.194133030325383e-09,0.0
1574.0,1.0,6.560200168153779e-12,0.0
1575.0,0.9999920581810099,7.88926463665814e-06,1.0
1575.0,0.9999920581810099,1.1861029658523816e-08,0.0
1576.0,1.0,3.331544542166412e-11,0.0
1576.0,1.0,4.508755242294825e-12,0.0
1577.0,0.9999645227325883,3.535625324942473e-05,0.0
1577.0,0.9999645227325883,3.224069896058747e-08,0.0
1578.0,0.99966459043674,0.0003353500342255387,1.0
1578.0,0.99966459043674,1.8183511766715343e-09,1.0
1579.0,1.0,6.691586091292782e-10,0.0
1579.0,1.0,2.7346982915918745e-12,0.0
1580.0,0.9770213683138701,0.02297734002190271,1.0
1580.0,0.9770213683138701,1.1820660447282621e-06,0.0
1581.0,0.9999897933314713,1.0129987330277146e-05,1.0
1581.0,0.9999897933314713,5.602743005361427e-09,0.0
1582.0,1.0,1.006039279283317e-12,0.0
1582.0,1.0,0.0,0.0
1583.0,0.951930174675856,0.047393818161246846,1.0
1583.0,0.951930174675856,0.000676036508092602,0.0
1584.0,1.0,1.8795288165390832e-12,0.0
1584.0,1.0,1.6586783589142312e-12,0.0
1585.0,1.0,1.3440409951135022e-08,1.0
1585.0,1.0,7.582560427911907e-10,0.0
1586.0,0.999953794840366,2.7535188859981226e-05,1.0
1586.0,0.999953794840366,1.670093626455637e-05,0.0
1587.0,1.0,3.2241867372567335e-08,0.0
1587.0,1.0,1.8189616875530459e-09,0.0
1588.0,0.9999393719670945,5.829110581553952e-05,0.0
1588.0,0.9999393719670945,2.2601914516326286e-06,0.0
1589.0,0.9999936078174534,4.785085448130728e-06,1.0
1589.0,0.9999936078174534,1.5534897972561758e-06,0.0
1590.0,1.0,1.006039279283317e-12,0.0
1590.0,1.0,0.0,0.0
1591.0,0.999088951739003,0.0009110514045295695,1.0
1591.0,0.999088951739003,3.650152805745391e-08,0.0
1592.0,0.9994471201618464,0.0005527785265734312,1.0
1592.0,0.9994471201618464,4.6885699106101895e-08,0.0
1593.0,0.9997964803243284,0.00020342704214340812,1.0
1593.0,0.9997964803243284,1.9167802852340389e-10,0.0
1594.0,0.7258460026823957,0.26702382184332496,1.0
1594.0,0.7258460026823957,0.007115943819428413,1.0
1595.0,0.9998415274892719,0.0001584362410990077,0.0
1595.0,0.9998415274892719,1.343828236910194e-08,0.0
1596.0,1.0,4.752193062771153e-13,0.0
1596.0,1.0,0.0,0.0
1597.0,0.9859359717658536,0.01406361981432138,1.0
1597.0,0.9859359717658536,3.872621546911612e-07,0.0
1598.0,1.0,7.835041785064389e-13,0.0
1598.0,1.0,1.0603575991523846e-13,0.0
1599.0,0.999998137537802,1.7603429545652396e-06,1.0
1599.0,0.999998137537802,2.2159447507533765e-08,0.0
1600.0,1.0,6.560200168153779e-12,0.0
1600.0,1.0,1.6586783589142312e-12,0.0
1601.0,1.0,2.129785170955785e-12,0.0
1601.0,1.0,4.1937956583795446e-13,0.0
1602.0,1.0,4.752193062771153e-13,0.0
1602.0,1.0,0.0,0.0
1603.0,0.9994018707860126,0.0005527534865331225,0.0
1603.0,0.9994018707860126,4.537279081685409e-05,0.0
1604.0,1.0,5.109089028063325e-12,0.0
1604.0,1.0,8.25807328555592e-14,0.0
1605.0,1.0,4.058652126475693e-10,0.0
1605.0,1.0,7.991959892953932e-11,0.0
1606.0,0.9999998063873693,1.4449802461092448e-07,0.0
1606.0,0.9999998063873693,2.7894680928689246e-10,0.0
1607.0,0.9999831180163555,1.6701414089010932e-05,1.0
1607.0,0.9999831180163555,1.1253324294153494e-07,0.0
1608.0,0.9820092946616165,0.017986125549292895,1.0
1608.0,0.9820092946616165,4.14688070253234e-06,0.0
1609.0,0.8151706971928849,0.18188916821295562,0.0
1609.0,0.8151706971928849,0.002939964936527211,0.0
1610.0,0.9999784691634502,2.1444937927240387e-05,1.0
1610.0,0.9999784691634502,1.7257465908117797e-08,0.0
1611.0,1.0,7.05287985111216e-11,0.0
1611.0,1.0,3.0988191387218256e-12,0.0
1612.0,1.0,2.061153622438558e-09,1.0
1612.0,1.0,4.5990553786523166e-10,0.0
1613.0,1.0,2.9400777392844726e-11,0.0
1613.0,1.0,1.783247290814639e-11,0.0
1614.0,0.9397061568895867,0.06007339895416368,1.0
1614.0,0.9397061568895867,0.00021665850612325268,1.0
1615.0,0.9225043209753767,0.04592878638244323,0.0
1615.0,0.9225043209753767,0.03156636246853403,1.0
1616.0,1.0,2.7346982915918745e-12,0.0
1616.0,1.0,0.0,0.0
1617.0,0.9999520068689121,4.539776497674872e-05,1.0
1617.0,0.9999520068689121,2.561166642087953e-06,0.0
1618.0,1.0,2.7894680928689246e-10,0.0
1618.0,1.0,4.8473687062702556e-11,0.0
1619.0,1.0,2.020683909022217e-11,0.0
1619.0,1.0,1.783247290814639e-11,0.0
1620.0,1.0,3.398267819495071e-09,0.0
1620.0,1.0,1.917171513758312e-10,0.0
1621.0,0.9999545100305701,4.539785156619626e-05,1.0
1621.0,0.9999545100305701,2.061059272473023e-09,0.0
1622.0,0.7772984070603921,0.222699722214587,0.0
1622.0,0.7772984070603921,1.756950028588555e-06,0.0
1623.0,0.9999967070975446,2.902312105056987e-06,1.0
1623.0,0.9999967070975446,3.059014453095186e-07,1.0
1624.0,1.0,1.463778514125909e-12,0.0
1624.0,1.0,1.5428112031918877e-13,0.0
1625.0,1.0,2.2447770550209742e-13,0.0
1625.0,1.0,0.0,0.0
1626.0,1.0,2.413362771833214e-12,0.0
1626.0,1.0,1.9810087980489796e-13,0.0
1627.0,1.0,5.789356328730652e-12,0.0
1627.0,1.0,2.8823507934443873e-13,0.0
1628.0,1.0,8.423463754468647e-12,0.0
1628.0,1.0,1.463778514125909e-12,0.0
1629.0,1.0,3.5114221133765118e-12,0.0
1629.0,1.0,1.6586783589142312e-12,0.0
1630.0,1.0,1.0815941557285693e-11,0.0
1630.0,1.0,1.7482341282710566e-13,0.0
1631.0,1.0,6.914400106940203e-13,0.0
1631.0,1.0,1.0603575991523846e-13,0.0
1632.0,0.9999863364670418,1.3007123989067183e-05,0.0
1632.0,0.9999863364670418,5.714931433390751e-07,0.0
1633.0,0.9999897933314713,1.0129987330277146e-05,1.0
1633.0,0.9999897933314713,2.461673475355752e-10,0.0
1634.0,1.0,2.289734845645553e-11,0.0
1634.0,1.0,1.3887943864964021e-11,0.0
1635.0,0.99752716542212,0.002472623024627213,1.0
1635.0,0.99752716542212,2.692903319274634e-07,0.0
1636.0,0.9980709655098993,0.001926730577788552,1.0
1636.0,0.9980709655098993,2.2559684925579585e-06,0.0
1637.0,0.9999995679801056,3.059023205018258e-07,0.0
1637.0,0.9999995679801056,1.026187963170189e-10,0.0
1638.0,1.0,1.783247290814639e-11,0.0
1638.0,1.0,0.0,0.0
1639.0,0.9998684599351172,9.609900392216232e-05,0.0
1639.0,0.9998684599351172,3.535284786001732e-05,1.0
1640.0,0.9999998063873693,6.82560337633487e-08,0.0
1640.0,0.9999998063873693,1.3887943864964021e-11,0.0
1641.0,0.9999784691634502,2.1444937927240387e-05,0.0
1641.0,0.9999784691634502,5.6026788874230455e-09,0.0
1642.0,1.0,5.211412487888539e-10,0.0
1642.0,1.0,3.581747930283181e-10,0.0
1643.0,0.9933071269064123,0.006692851264215723,0.0
1643.0,0.9933071269064123,0.0,0.0
1644.0,1.0,7.582560427911907e-10,0.0
1644.0,1.0,1.8426252147235624e-14,0.0
1645.0,1.0,1.0815941557285693e-11,0.0
1645.0,1.0,3.0988191387218256e-12,0.0
1646.0,0.9907517089868393,0.005198988601480389,1.0
1646.0,0.9907517089868393,0.0040489763940122344,1.0
1647.0,1.0,2.129785170955785e-12,0.0
1647.0,1.0,0.0,1.0
1648.0,0.9999720323248966,2.7535687796947383e-05,0.0
1648.0,0.9999720323248966,3.4662315473122774e-07,0.0
1649.0,1.0,1.1399918530443554e-12,0.0
1649.0,1.0,7.835041785064389e-13,0.0
1650.0,0.9999951574562983,4.78509457496562e-06,0.0
1650.0,0.9999951574562983,1.5229892598318825e-08,0.0
1651.0,0.9999946806438453,4.785090011545999e-06,1.0
1651.0,0.9999946806438453,5.043447766756707e-07,1.0
1652.0,0.9999862172648452,1.3007123989067183e-05,0.0
1652.0,0.9999862172648452,6.47586571312971e-07,0.0
1653.0,1.0,2.7894680928689246e-10,1.0
1653.0,1.0,1.3176514270095466e-10,0.0
1654.0,0.9998299666258242,0.00015843442795049554,1.0
1654.0,0.9998299666258242,1.1476951466594516e-05,0.0
1655.0,1.0,1.2256067444099483e-11,0.0
1655.0,1.0,8.878265478459658e-13,0.0
1656.0,1.0,6.691586091292782e-10,0.0
1656.0,1.0,0.0,0.0
1657.0,0.8175737973670583,0.18242537233967163,1.0
1657.0,0.8175737973670583,8.72926821948173e-07,0.0
1658.0,0.9999976607241555,2.2603250957489616e-06,1.0
1658.0,0.9999976607241555,1.18610975280741e-08,0.0
1659.0,1.0,1.6052280551856116e-09,0.0
1659.0,1.0,1.493094676197164e-10,0.0
1660.0,0.9999865748705684,1.3007123989067183e-05,0.0
1660.0,0.9999865748705684,3.466281132506958e-07,0.0
1661.0,1.0,4.277787868968998e-11,0.0
1661.0,1.0,3.331544542166412e-11,0.0
1662.0,0.9999995679801056,2.699578503363014e-07,1.0
1662.0,0.9999995679801056,6.82560337633487e-08,0.0
1663.0,1.0,7.05287985111216e-11,0.0
1663.0,1.0,5.109089028063325e-12,0.0
1664.0,0.9999946806438453,4.785090011545999e-06,0.0
1664.0,0.9999946806438453,5.043447766756707e-07,0.0
1665.0,1.0,2.7346982915918745e-12,0.0
1665.0,1.0,2.413362771833214e-12,0.0
1666.0,1.0,2.4616969518153846e-10,0.0
1666.0,1.0,9.056076989672867e-11,0.0
1667.0,0.9959270695972635,0.004070126295242111,1.0
1667.0,0.9959270695972635,2.8905008325334285e-06,0.0
1668.0,1.0,2.646573638909117e-09,0.0
1668.0,1.0,5.4927883509546835e-11,0.0
1669.0,1.0,1.522997974471263e-08,1.0
1669.0,1.0,1.493094676197164e-10,0.0
1670.0,1.0,2.129785170955785e-12,0.0
1670.0,1.0,1.9810087980489796e-13,0.0
1671.0,1.0,2.543665647376923e-13,0.0
1671.0,1.0,2.2447770550209742e-13,0.0
1672.0,0.9399077790749643,0.06008629069022585,1.0
1672.0,0.9399077790749643,5.774992664478806e-06,1.0
1673.0,0.999999448776502,5.043471815847051e-07,1.0
1673.0,0.999999448776502,5.905303998944039e-10,0.0
1674.0,0.9999988527586979,1.0677029917933763e-06,1.0
1674.0,0.9999988527586979,7.19411930861867e-09,0.0
1675.0,0.9999721515254024,2.7535687796947383e-05,0.0
1675.0,0.9999721515254024,2.3823037802747707e-07,0.0
1676.0,1.0,4.1937956583795446e-13,0.0
1676.0,1.0,0.0,0.0
1677.0,0.9999919389781311,7.88926463665814e-06,0.0
1677.0,0.9999919389781311,1.1253431614728773e-07,0.0
1678.0,1.0,4.508755242294825e-12,0.0
1678.0,1.0,1.3615261080896538e-13,0.0
1679.0,1.0,1.783247290814639e-11,0.0
1679.0,1.0,1.2256067444099483e-11,0.0
1680.0,0.9999998063873693,1.1253517471925912e-07,0.0
1680.0,0.9999998063873693,3.581747930283181e-10,0.0
1681.0,0.9999832372181827,1.6701414089010932e-05,0.0
1681.0,0.9999832372181827,7.433553065861442e-12,0.0
1682.0,1.0,1.9810087980489796e-13,0.0
1682.0,1.0,0.0,0.0
1683.0,1.0,3.2241867372567335e-08,0.0
1683.0,1.0,4.944450501938644e-09,0.0
1684.0,0.9706818554896213,0.02931205113394659,1.0
1684.0,0.9706818554896213,5.964075236580715e-06,1.0
1685.0,1.0,2.215948977336598e-08,0.0
1685.0,1.0,7.991959892953932e-11,0.0
1686.0,0.9999083813735681,7.484497731169222e-05,0.0
1686.0,0.9999083813735681,1.6700171773863484e-05,0.0
1687.0,1.0,9.056076989672867e-11,0.0
1687.0,1.0,1.8795288165390832e-12,0.0
1688.0,0.9770226167277287,0.022977367413042835,1.0
1688.0,0.9770226167277287,6.202925149888642e-09,1.0
1689.0,0.9999008722610846,9.610211997584463e-05,0.0
1689.0,0.9999008722610846,2.9020325646082343e-06,0.0
1690.0,1.0,2.7346982915918745e-12,0.0
1690.0,1.0,1.1399918530443554e-12,0.0
1691.0,0.999999448776502,5.043471815847051e-07,0.0
1691.0,0.999999448776502,7.194133030325383e-09,0.0
1692.0,0.9999933694113405,6.144171336422507e-06,0.0
1692.0,0.9999933694113405,3.92783732425049e-07,0.0
1693.0,0.6791743851513732,0.32081928214627115,1.0
1693.0,0.6791743851513732,6.071668829609251e-06,0.0
1694.0,1.0,4.139937718785167e-08,0.0
1694.0,1.0,4.139937718785167e-08,0.0
1695.0,0.9220294643716567,0.0756847805473946,1.0
1695.0,0.9220294643716567,0.002285482337423707,0.0
1696.0,1.0,6.101936677605324e-13,0.0
1696.0,1.0,0.0,0.0
1697.0,1.0,2.335593038799337e-09,0.0
1697.0,1.0,4.508755242294825e-12,0.0
1698.0,1.0,4.508755242294825e-12,0.0
1698.0,1.0,1.9810087980489796e-13,0.0
1699.0,1.0,4.1937956583795446e-13,0.0
1699.0,1.0,0.0,0.0
1700.0,0.9999996871837232,1.8553913626159784e-07,0.0
1700.0,0.9999996871837232,2.5946094982764667e-11,0.0
1701.0,1.0,3.331544542166412e-11,0.0
1701.0,1.0,6.914400106940203e-13,0.0
1702.0,1.0,4.508755242294825e-12,0.0
1702.0,1.0,1.006039279283317e-12,0.0
1703.0,1.0,2.335593038799337e-09,0.0
1703.0,1.0,2.5946094982764667e-11,0.0
1704.0,1.0,1.522997974471263e-08,0.0
1704.0,1.0,4.944450501938644e-09,0.0
1705.0,0.9995694234965996,0.0004305571096741222,0.0
1705.0,0.9995694234965996,1.3434617565914681e-08,0.0
1706.0,1.0,4.5990553786523166e-10,0.0
1706.0,1.0,0.0,0.0
1707.0,1.0,2.172439935079017e-10,0.0
1707.0,1.0,1.2917800047859961e-12,0.0
1708.0,0.9996516053435914,0.0003353458766600206,1.0
1708.0,0.9996516053435914,1.3002770717126653e-05,0.0
1709.0,0.9936222169747098,0.0052140509018299116,1.0
1709.0,0.9936222169747098,0.0011634120127473732,1.0
1710.0,1.0,1.9555681087850496e-08,0.0
1710.0,1.0,6.34880011604368e-09,0.0
1711.0,0.9695851297508873,0.029278937195842014,1.0
1711.0,0.9695851297508873,0.0011352673252546595,1.0
1712.0,0.9999723899264568,2.7535687796947383e-05,0.0
1712.0,0.9999723899264568,3.1607970507997207e-10,0.0
1713.0,0.9914214920012563,0.008577476750351117,1.0
1713.0,0.9914214920012563,9.34162441341173e-07,1.0
1714.0,0.9998358066284202,0.00013981869197575856,1.0
1714.0,0.9998358066284202,2.4296845472710674e-05,0.0
1715.0,1.0,3.2241867372567335e-08,0.0
1715.0,1.0,3.1608814543136926e-10,0.0
1716.0,1.0,7.835041785064389e-13,0.0
1716.0,1.0,3.701011678592672e-13,0.0
1717.0,0.9999541524335852,4.539785156619626e-05,0.0
1717.0,0.9999541524335852,3.0588831772537957e-07,0.0
1718.0,0.9998743001625524,0.00012339426962008568,1.0
1718.0,0.9998743001625524,2.260044883300592e-06,0.0
1719.0,0.9997964803243284,0.00020342704214340812,1.0
1719.0,0.9997964803243284,1.3437667227433426e-08,0.0
1720.0,1.0,9.545034922840628e-12,0.0
1720.0,1.0,0.0,0.0
1721.0,1.0,1.6918979226151304e-10,0.0
1721.0,1.0,1.783247290814639e-11,0.0
1722.0,1.0,9.545034922840628e-12,0.0
1722.0,1.0,2.129785170955785e-12,0.0
1723.0,1.0,3.2241867372567335e-08,0.0
1723.0,1.0,3.581747930283181e-10,0.0
1724.0,1.0,3.331544542166412e-11,0.0
1724.0,1.0,2.020683909022217e-11,0.0
1725.0,1.0,1.0815941557285693e-11,0.0
1725.0,1.0,1.3615261080896538e-13,0.0
1726.0,0.9853271805045452,0.014054938151902731,1.0
1726.0,0.9853271805045452,0.0006175308846612469,1.0
1727.0,0.999663640777693,0.0002611706201860405,1.0
1727.0,0.999663640777693,7.48266354822514e-05,1.0
1728.0,1.0,6.691586091292782e-10,0.0
1728.0,1.0,3.331544542166412e-11,0.0
1729.0,1.0,1.522997974471263e-08,0.0
1729.0,1.0,9.736200313009565e-10,0.0
1730.0,0.5586825012299116,0.4351023694461463,1.0
1730.0,0.5586825012299116,0.006206402712000455,1.0
1731.0,0.8518631123683155,0.14803160790452607,1.0
1731.0,0.8518631123683155,0.00010512821907618901,1.0
1732.0,1.0,7.194133030325383e-09,0.0
1732.0,1.0,5.4927883509546835e-11,0.0
1733.0,0.9999976607241555,2.2603250957489616e-06,0.0
1733.0,0.9999976607241555,8.152005165739432e-09,0.0
1734.0,0.8175631862180401,0.1824230019539773,1.0
1734.0,0.8175631862180401,1.3654690626564e-05,0.0
1735.0,1.0,2.510999155743982e-08,1.0
1735.0,1.0,9.056076989672867e-11,0.0
1736.0,0.9999993295729128,6.47594599989589e-07,1.0
1736.0,0.9999993295729128,5.905303998944039e-10,0.0
1737.0,1.0,7.194133030325383e-09,0.0
1737.0,1.0,1.103256032343554e-09,0.0
1738.0,1.0,1.6918979226151304e-10,0.0
1738.0,1.0,6.914400106940203e-13,0.0
1739.0,1.0,1.57371021068629e-11,0.0
1739.0,1.0,3.97896253583724e-12,0.0
1740.0,0.9988304590053244,0.0011695103074966034,1.0
1740.0,0.9988304590053244,2.643476018785641e-09,0.0
1741.0,0.9968273299853154,0.0031726831078774057,1.0
1741.0,0.9968273299853154,2.8363077013085146e-08,1.0
1742.0,0.9999998063873693,6.82560337633487e-08,0.0
1742.0,0.9999998063873693,6.691586091292782e-10,0.0
1743.0,0.9997952885329534,0.00020342665413748746,0.0
1743.0,0.9997952885329534,1.2096191016013737e-06,0.0
1744.0,0.6787564769416708,0.24970054598714259,0.0
1744.0,0.6787564769416708,0.07154040420392484,1.0
1745.0,0.9999998063873693,6.82560337633487e-08,0.0
1745.0,0.9999998063873693,1.6052280551856116e-09,0.0
1746.0,0.9999038520641101,9.610239492660866e-05,0.0
1746.0,0.9999038520641101,1.9553816201697277e-08,0.0
1747.0,1.0,1.006039279283317e-12,0.0
1747.0,1.0,9.357622968840175e-14,0.0
1748.0,1.0,1.103256032343554e-09,1.0
1748.0,1.0,4.508755242294825e-12,0.0
1749.0,0.6224549519165595,0.3775380126273464,1.0
1749.0,0.6224549519165595,6.305527675523356e-06,0.0
1750.0,0.9999860980626626,1.0129948687515881e-05,1.0
1750.0,0.9999860980626626,3.726599862258728e-06,1.0
1751.0,0.999997064707474,2.902312105056987e-06,0.0
1751.0,0.999997064707474,1.6586720315704994e-12,0.0
1752.0,1.0,3.850741922767617e-09,0.0
1752.0,1.0,1.8189616875530459e-09,0.0
1753.0,1.0,4.5990553786523166e-10,0.0
1753.0,1.0,0.0,0.0
1754.0,0.9999951574562983,4.78509457496562e-06,1.0
1754.0,0.9999951574562983,5.211382668032403e-10,0.0
1755.0,0.9999398487536302,5.829116140629651e-05,0.0
1755.0,0.9999398487536302,1.7602405511181905e-06,0.0
1756.0,0.999088951739003,0.0009110514045295695,0.0
1756.0,0.999088951739003,2.333464619489656e-09,0.0
1757.0,0.9999584435803803,3.535601722175802e-05,0.0
1757.0,0.9999584435803803,6.143954537326743e-06,0.0
1758.0,0.9999998063873693,8.764248219443636e-08,0.0
1758.0,0.9999998063873693,2.172439935079017e-10,0.0
1759.0,1.0,9.545034922840628e-12,0.0
1759.0,1.0,5.109089028063325e-12,0.0
1760.0,1.0,4.139937718785167e-08,0.0
1760.0,1.0,1.026187963170189e-10,0.0
1761.0,1.0,1.162823303022097e-10,0.0
1761.0,1.0,3.775134544279098e-11,0.0
1762.0,1.0,2.413362771833214e-12,0.0
1762.0,1.0,2.413362771833214e-12,0.0
1763.0,1.0,7.991959892953932e-11,0.0
1763.0,1.0,6.224144622907783e-11,0.0
1764.0,1.0,2.7894680928689246e-10,0.0
1764.0,1.0,1.493094676197164e-10,0.0
1765.0,0.6074786737661741,0.2869525984387572,1.0
1765.0,0.6074786737661741,0.1055639741405489,0.0
1766.0,0.9999998063873693,8.764248219443636e-08,0.0
1766.0,0.9999998063873693,1.493094676197164e-10,0.0
1767.0,0.9988292720282691,0.0011695086344998855,1.0
1767.0,0.9988292720282691,8.305554757916587e-07,1.0
1768.0,0.9997946926377986,0.00020342665413748746,0.0
1768.0,0.9997946926377986,1.7599854077881805e-06,0.0
1769.0,1.0,5.109089028063325e-12,0.0
1769.0,1.0,4.1937956583795446e-13,0.0
1770.0,1.0,1.3887943864964021e-11,0.0
1770.0,1.0,4.752193062771153e-13,0.0
1771.0,1.0,5.211412487888539e-10,0.0
1771.0,1.0,1.783247290814639e-11,0.0
1772.0,1.0,1.9810087980489796e-13,0.0
1772.0,1.0,0.0,0.0
1773.0,1.0,5.3157852544244216e-08,1.0
1773.0,1.0,1.8795288165390832e-12,0.0
1774.0,0.5621765025686553,0.43782350042481233,1.0
1774.0,0.5621765025686553,5.884528734931229e-09,1.0
1775.0,0.9990841988886319,0.0009110470603082998,0.0
1775.0,0.9990841988886319,4.78073393185579e-06,0.0
1776.0,0.5612857868199168,0.4371298103022009,1.0
1776.0,0.5612857868199168,0.001576536165520586,1.0
1777.0,1.0,1.3176514270095466e-10,1.0
1777.0,1.0,5.789356328730652e-12,0.0
1778.0,0.9999996871837232,1.4449802461092448e-07,1.0
1778.0,0.9999996871837232,1.2751905914873347e-07,1.0
1779.0,1.0,7.05287985111216e-11,0.0
1779.0,1.0,1.463778514125909e-12,0.0
1780.0,1.0,5.109089028063325e-12,0.0
1780.0,1.0,2.543665647376923e-13,0.0
1781.0,0.9995504820985379,0.0004305488975272947,1.0
1781.0,0.9995504820985379,1.891700735261787e-05,1.0
1782.0,0.9997386983078135,0.0002611902975925828,1.0
1782.0,0.9997386983078135,3.774148204966772e-11,0.0
1783.0,0.9998762071859498,0.0001233945049762016,1.0
1783.0,0.9998762071859498,3.92737660833071e-07,1.0
1784.0,0.999994799847051,4.78509457496562e-06,1.0
1784.0,0.999994799847051,3.059008618493715e-07,1.0
1785.0,1.0,4.1937956583795446e-13,0.0
1785.0,1.0,0.0,0.0
1786.0,1.0,3.775134544279098e-11,0.0
1786.0,1.0,1.0815941557285693e-11,0.0
1787.0,0.9817231316346209,0.01798088609980088,1.0
1787.0,0.9817231316346209,3.933302864037253e-05,0.0
1788.0,0.9992660453759616,0.0007096530784650947,0.0
1788.0,0.9992660453759616,2.428299299915663e-05,0.0
1789.0,1.0,3.6534822137210456e-08,0.0
1789.0,1.0,1.6052280551856116e-09,0.0
1790.0,0.9525677282491052,0.04742555796816437,1.0
1790.0,0.9525677282491052,6.632064100836698e-06,0.0
1791.0,0.9906309585942694,0.008570636809215784,1.0
1791.0,0.9906309585942694,0.000797193405019317,1.0
1792.0,0.9399122013906127,0.06008657720466995,1.0
1792.0,0.9399122013906127,1.1371689022854035e-06,0.0
1793.0,0.6790413340225493,0.3207564141208915,0.0
1793.0,0.6790413340225493,0.00020102656049967994,1.0
1794.0,1.0,4.752193062771153e-13,0.0
1794.0,1.0,0.0,0.0
1795.0,0.9994471201618464,0.0005527785265734312,1.0
1795.0,0.9994471201618464,1.7248284786085156e-08,0.0
1796.0,0.9999996871837232,1.8553913626159784e-07,1.0
1796.0,0.9999996871837232,1.186112015134383e-08,0.0
1797.0,0.9995694234965996,0.0004305571096741222,0.0
1797.0,0.9995694234965996,3.5802043119077155e-10,0.0
1798.0,1.0,6.224144622907783e-11,0.0
1798.0,1.0,6.914400106940203e-13,0.0
1799.0,1.0,1.917171513758312e-10,0.0
1799.0,1.0,1.2917800047859961e-12,0.0
1800.0,0.9999796611750019,1.0129890723650378e-05,0.0
1800.0,0.9999796611750019,1.0129890723650378e-05,0.0
1801.0,0.9997964803243284,0.00020342704214340812,0.0
1801.0,0.9997964803243284,1.3437667227433426e-08,0.0
1802.0,0.720151407882437,0.23379893144062247,1.0
1802.0,0.720151407882437,0.046037739250923485,1.0
1803.0,0.7817547115851842,0.135848597018821,1.0
1803.0,0.7817547115851842,0.08239634899327082,1.0
1804.0,0.9984141541501494,0.001501055256231784,0.0
1804.0,0.9984141541501494,8.468374273845058e-05,0.0
1805.0,0.6733999928125972,0.31809163322071066,1.0
1805.0,0.6733999928125972,0.008476854895579006,1.0
1806.0,1.0,4.8473687062702556e-11,0.0
1806.0,1.0,4.1937956583795446e-13,0.0
1807.0,1.0,7.835041785064389e-13,0.0
1807.0,1.0,0.0,0.0
1808.0,0.999999448776502,5.043471815847051e-07,0.0
1808.0,0.999999448776502,4.058652126475693e-10,0.0
1809.0,1.0,2.5946094982764667e-11,0.0
1809.0,1.0,1.783247290814639e-11,0.0
1810.0,1.0,4.139937718785167e-08,0.0
1810.0,1.0,8.152020714470167e-09,0.0
1811.0,1.0,3.6534822137210456e-08,0.0
1811.0,1.0,1.7257827987960214e-08,0.0
1812.0,1.0,3.775134544279098e-11,0.0
1812.0,1.0,2.129785170955785e-12,0.0
1813.0,0.9999249493054897,7.484619074298232e-05,1.0
1813.0,0.9999249493054897,1.2750945219016004e-07,0.0
1814.0,1.0,6.560200168153779e-12,0.0
1814.0,1.0,4.508755242294825e-12,0.0
1815.0,0.5564465918361341,0.43336104145939564,1.0
1815.0,0.5564465918361341,0.010191675444408669,1.0
1816.0,0.9999995679801056,3.059023205018258e-07,0.0
1816.0,0.9999995679801056,2.9989608248573072e-09,0.0
1817.0,0.9999866940728078,1.3007123989067183e-05,1.0
1817.0,0.9999866940728078,1.8553665906340977e-07,0.0
1818.0,1.0,2.7346982915918745e-12,0.0
1818.0,1.0,1.2917800047859961e-12,0.0
1819.0,1.0,6.224144622907783e-11,0.0
1819.0,1.0,1.57371021068629e-11,0.0
1820.0,0.9757570260129304,0.022947607037284795,1.0
1820.0,0.9757570260129304,0.0012946150912329945,1.0
1821.0,1.0,3.1608814543136926e-10,0.0
1821.0,1.0,4.277787868968998e-11,0.0
1822.0,0.9999998063873693,1.1253517471925912e-07,0.0
1822.0,0.9999998063873693,1.2917800047859961e-12,0.0
1823.0,1.0,8.423463754468647e-12,0.0
1823.0,1.0,5.109089028063325e-12,0.0
1824.0,0.9997963611393074,0.0002034268481403553,0.0
1824.0,0.9997963611393074,1.2749303691078063e-07,0.0
1825.0,1.0,2.4616969518153846e-10,0.0
1825.0,1.0,1.162823303022097e-10,0.0
1826.0,1.0,2.7346982915918745e-12,0.0
1826.0,1.0,1.2917800047859961e-12,0.0
1827.0,0.9820091794261278,0.017986125549292895,1.0
1827.0,0.9820091794261278,4.699026971783722e-06,1.0
1828.0,1.0,4.363462252943702e-09,0.0
1828.0,1.0,6.560200168153779e-12,0.0
1829.0,1.0,2.7894680928689246e-10,0.0
1829.0,1.0,2.9400777392844726e-11,0.0
1830.0,0.9999998063873693,7.734421907141565e-08,0.0
1830.0,0.9999998063873693,4.944450501938644e-09,0.0
1831.0,1.0,9.545034922840628e-12,0.0
1831.0,1.0,2.543665647376923e-13,0.0
1832.0,1.0,9.237449661970594e-09,1.0
1832.0,1.0,1.0815941557285693e-11,1.0
1833.0,0.9999541524335852,4.539785156619626e-05,1.0
1833.0,0.9999541524335852,3.9276837462724274e-07,1.0
1834.0,0.9999545100305701,4.539785156619626e-05,1.0
1834.0,0.9999545100305701,2.215847541564241e-08,0.0
1835.0,0.499843144231503,0.499843144231503,1.0
1835.0,0.499843144231503,0.0003132651929027548,0.0
1836.0,1.0,4.363462252943702e-09,0.0
1836.0,1.0,9.056076989672867e-11,0.0
1837.0,0.9999995679801056,3.059023205018258e-07,0.0
1837.0,0.9999995679801056,1.7257827987960214e-08,0.0
1838.0,0.9999545100305701,4.539785156619626e-05,0.0
1838.0,0.9999545100305701,3.6533149744055504e-08,0.0
1839.0,1.0,5.384940217754036e-13,0.0
1839.0,1.0,0.0,0.0
1840.0,0.9999969455039983,2.902312105056987e-06,0.0
1840.0,0.9999969455039983,8.764214786553686e-08,0.0
1841.0,1.0,2.5946094982764667e-11,0.0
1841.0,1.0,4.752193062771153e-13,0.0
1842.0,1.0,8.878265478459658e-13,0.0
1842.0,1.0,0.0,0.0
1843.0,0.999664355734915,0.0003353500342255387,1.0
1843.0,0.999664355734915,2.698672424877098e-07,1.0
1844.0,1.0,6.914400106940203e-13,0.0
1844.0,1.0,5.384940217754036e-13,0.0
1845.0,1.0,3.331544542166412e-11,0.0
1845.0,1.0,8.878265478459658e-13,0.0
1846.0,1.0,1.783247290814639e-11,0.0
1846.0,1.0,7.433680672352188e-12,0.0
1847.0,0.5468695051237131,0.42590239882821945,1.0
1847.0,0.5468695051237131,0.027227026194179587,1.0
1848.0,1.0,5.905303998944039e-10,0.0
1848.0,1.0,4.508755242294825e-12,0.0
1849.0,0.9999961110814314,3.7266389560521204e-06,1.0
1849.0,0.9999961110814314,1.1253474543245463e-07,0.0
1850.0,0.9995797824382179,0.0003353215719238498,1.0
1850.0,0.9995797824382179,8.47825707098384e-05,1.0
1851.0,0.9999855020528726,8.939648340073653e-06,1.0
1851.0,0.9999855020528726,5.422170805303821e-06,0.0
1852.0,1.0,3.775134544279098e-11,0.0
1852.0,1.0,1.2917800047859961e-12,0.0
1853.0,0.9999976607241555,2.2603250957489616e-06,0.0
1853.0,0.9999976607241555,1.0261860058738471e-10,0.0
1854.0,0.9999933694113405,6.144171336422507e-06,0.0
1854.0,0.9999933694113405,3.4663042725072227e-07,0.0
1855.0,1.0,3.2661313427874473e-13,0.0
1855.0,1.0,2.543665647376923e-13,0.0
1856.0,1.0,3.6534822137210456e-08,0.0
1856.0,1.0,2.510999155743982e-08,0.0
1857.0,1.0,2.020683909022217e-11,0.0
1857.0,1.0,5.109089028063325e-12,0.0
1858.0,0.9988948089239135,0.0005524731155634919,0.0
1858.0,0.9988948089239135,0.0005524731155634919,0.0
1859.0,0.9997821825733264,0.0001088850915522037,1.0
1859.0,0.9997821825733264,0.0001088850915522037,0.0
1860.0,0.9241305755066446,0.07585724910623763,1.0
1860.0,0.9241305755066446,1.202043734711412e-05,0.0
1861.0,1.0,1.6052280551856116e-09,0.0
1861.0,1.0,3.0988191387218256e-12,0.0
1862.0,0.9999984951481292,1.370956471489639e-06,1.0
1862.0,0.9999984951481292,9.237432042950414e-09,0.0
1863.0,1.0,4.8473687062702556e-11,0.0
1863.0,1.0,6.560200168153779e-12,0.0
1864.0,1.0,1.186112015134383e-08,1.0
1864.0,1.0,7.991959892953932e-11,0.0
1865.0,1.0,2.646573638909117e-09,0.0
1865.0,1.0,7.05287985111216e-11,0.0
1866.0,1.0,1.6586783589142312e-12,0.0
1866.0,1.0,5.384940217754036e-13,0.0
1867.0,0.99966459043674,0.0003353500342255387,0.0
1867.0,0.99966459043674,4.057289892568053e-10,0.0
1868.0,1.0,4.139937718785167e-08,0.0
1868.0,1.0,5.905303998944039e-10,0.0
1869.0,0.999278772527342,0.000709662215025755,0.0
1869.0,0.999278772527342,1.1470615902377405e-05,0.0
1870.0,1.0,6.224144622907783e-11,0.0
1870.0,1.0,5.4927883509546835e-11,0.0
1871.0,1.0,1.9555681087850496e-08,0.0
1871.0,1.0,1.7257827987960214e-08,0.0
1872.0,0.991357515383655,0.00857692461007162,1.0
1872.0,0.991357515383655,6.548559627998248e-05,1.0
1873.0,1.0,1.9810087980489796e-13,0.0
1873.0,1.0,0.0,0.0
1874.0,0.9999984951481292,1.370956471489639e-06,1.0
1874.0,0.9999984951481292,3.398261337819773e-09,0.0
1875.0,0.6777022982162343,0.3201239079335015,1.0
1875.0,0.6777022982162343,0.002156977924796049,1.0
1876.0,1.0,2.129785170955785e-12,0.0
1876.0,1.0,0.0,0.0
1877.0,1.0,1.2917800047859961e-12,0.0
1877.0,1.0,2.8823507934443873e-13,0.0
1878.0,0.9913651314971138,0.008576990047062956,1.0
1878.0,0.9913651314971138,5.7791276791759e-05,1.0
1879.0,1.0,2.129785170955785e-12,0.0
1879.0,1.0,0.0,0.0
1880.0,1.0,2.061153622438558e-09,0.0
1880.0,1.0,1.917171513758312e-10,0.0
1881.0,0.9999998063873693,6.82560337633487e-08,0.0
1881.0,0.9999998063873693,1.006039279283317e-12,0.0
1882.0,1.0,3.331544542166412e-11,0.0
1882.0,1.0,5.789356328730652e-12,0.0
1883.0,0.999999448776502,3.059020287707785e-07,0.0
1883.0,0.999999448776502,7.734421907141565e-08,0.0
1884.0,0.8175742724963551,0.1824254810736992,1.0
1884.0,0.8175742724963551,2.8339811683813365e-07,1.0
1885.0,0.9991109698482791,0.0007095431105751861,1.0
1885.0,0.9991109698482791,0.00017940050773902392,0.0
1886.0,1.0,2.335593038799337e-09,0.0
1886.0,1.0,2.129785170955785e-12,0.0
1887.0,1.0,2.020683909022217e-11,0.0
1887.0,1.0,7.835041785064389e-13,0.0
1888.0,1.0,9.237449661970594e-09,0.0
1888.0,1.0,1.4166087866431961e-09,0.0
1889.0,0.9990888326383259,0.0009110509701065104,0.0
1889.0,0.9990888326383259,1.0457862881187361e-08,0.0
1890.0,1.0,6.101936677605324e-13,0.0
1890.0,1.0,0.0,0.0
1891.0,1.0,3.97896253583724e-12,0.0
1891.0,1.0,0.0,0.0
1892.0,1.0,1.2501528663867426e-09,0.0
1892.0,1.0,1.3887943864964021e-11,0.0
1893.0,1.0,6.101936677605324e-13,0.0
1893.0,1.0,0.0,0.0
1894.0,0.9433045533128632,0.04144591062635158,1.0
1894.0,0.9433045533128632,0.01524709480487265,1.0
1895.0,0.9999995679801056,3.059023205018258e-07,0.0
1895.0,0.9999995679801056,4.5990553786523166e-10,0.0
1896.0,0.9984858089991456,0.0015011626239099087,1.0
1896.0,0.9984858089991456,1.2987601472385342e-05,0.0
1897.0,1.0,9.545034922840628e-12,0.0
1897.0,1.0,6.560200168153779e-12,0.0
1898.0,0.9999951574562983,4.78509457496562e-06,1.0
1898.0,0.9999951574562983,1.1861052281664094e-08,0.0
1899.0,1.0,8.592166619174109e-10,1.0
1899.0,1.0,1.006039279283317e-12,0.0
1900.0,1.0,3.2241867372567335e-08,1.0
1900.0,1.0,7.582560427911907e-10,0.0
1901.0,1.0,4.1937956583795446e-13,0.0
1901.0,1.0,0.0,0.0
1902.0,0.9997272578246654,0.0002611873085239443,1.0
1902.0,0.9997272578246654,1.1475769437892975e-05,1.0
1903.0,1.0,9.736200313009565e-10,0.0
1903.0,1.0,2.543665647376923e-13,0.0
1904.0,1.0,2.7346982915918745e-12,0.0
1904.0,1.0,1.3615261080896538e-13,0.0
1905.0,0.9999784691634502,2.1444937927240387e-05,0.0
1905.0,0.9999784691634502,3.398196521746743e-09,0.0
1906.0,1.0,7.582560427911907e-10,0.0
1906.0,1.0,1.3176514270095466e-10,0.0
1907.0,1.0,1.2917800047859961e-12,0.0
1907.0,1.0,1.5428112031918877e-13,0.0
1908.0,1.0,7.194133030325383e-09,0.0
1908.0,1.0,1.0815941557285693e-11,0.0
1909.0,0.990751937818805,0.005198988601480389,1.0
1909.0,0.990751937818805,0.0040489763940122344,1.0
1910.0,1.0,1.2917800047859961e-12,0.0
1910.0,1.0,6.431393941452e-14,0.0
1911.0,0.9999998063873693,4.691164021834418e-08,0.0
1911.0,0.9999998063873693,3.2241867372567335e-08,0.0
1912.0,1.0,3.1608814543136926e-10,0.0
1912.0,1.0,2.4616969518153846e-10,0.0
1913.0,0.9999545100305701,4.539785156619626e-05,1.0
1913.0,0.9999545100305701,5.31554192265619e-08,0.0
1914.0,1.0,3.0988191387218256e-12,0.0
1914.0,1.0,1.9810087980489796e-13,0.0
1915.0,0.9932878320426802,0.006692720418087507,1.0
1915.0,0.9932878320426802,1.8798474255906555e-05,0.0
1916.0,1.0,1.0603575991523846e-13,0.0
1916.0,1.0,0.0,0.0
1917.0,0.9992896085614399,0.0007096699981146541,1.0
1917.0,0.9992896085614399,7.333003332709452e-07,0.0
1918.0,1.0,3.97896253583724e-12,0.0
1918.0,1.0,5.675685232632723e-14,0.0
1919.0,0.9999721515254024,2.7535687796947383e-05,0.0
1919.0,0.9999721515254024,1.8553400495919595e-07,0.0
1920.0,0.9955027694103058,0.004068391601026078,1.0
1920.0,0.9955027694103058,0.0004288053199621504,1.0
1921.0,1.0,9.736200313009565e-10,0.0
1921.0,1.0,2.7894680928689246e-10,0.0
1922.0,0.9999998063873693,8.764248219443636e-08,0.0
1922.0,0.9999998063873693,2.061153622438558e-09,0.0
1923.0,0.9046302384371804,0.09534732280492156,0.0
1923.0,0.9046302384371804,2.1983260879978054e-05,0.0
1924.0,0.999999448776502,5.043471815847051e-07,0.0
1924.0,0.999999448776502,9.237449661970594e-09,0.0
1925.0,1.0,3.5114221133765118e-12,0.0
1925.0,1.0,0.0,0.0
1926.0,1.0,1.026187963170189e-10,0.0
1926.0,1.0,3.2661313427874473e-13,0.0
1927.0,0.9976635945389534,0.0011681437096064753,1.0
1927.0,0.9976635945389534,0.0011681437096064753,0.0
1928.0,1.0,4.752193062771153e-13,0.0
1928.0,1.0,0.0,0.0
1929.0,1.0,2.5946094982764667e-11,0.0
1929.0,1.0,6.560200168153779e-12,0.0
1930.0,1.0,1.6918979226151304e-10,0.0
1930.0,1.0,4.508755242294825e-12,0.0
1931.0,0.9975244415404658,0.0024726159504061145,1.0
1931.0,0.9975244415404658,2.8951356263737206e-06,0.0
1932.0,0.9999869324773292,1.3007123989067183e-05,1.0
1932.0,0.9999869324773292,8.151911873977807e-09,0.0
1933.0,0.9999192279745931,4.539624968815115e-05,0.0
1933.0,0.9999192279745931,3.5354634805637134e-05,0.0
1934.0,0.9987344995794553,0.0011693976643953985,1.0
1934.0,0.9987344995794553,9.599000567268675e-05,0.0
1935.0,0.9999998063873693,1.1253517471925912e-07,0.0
1935.0,0.9999998063873693,2.8453348089834e-08,0.0
1936.0,0.9999998063873693,8.764248219443636e-08,0.0
1936.0,0.9999998063873693,5.211412487888539e-10,0.0
1937.0,0.999997064707474,1.7603412757721762e-06,0.0
1937.0,0.999997064707474,1.0677009553134769e-06,0.0
1938.0,0.999764067730613,0.000139808691721238,0.0
1938.0,0.999764067730613,9.608901490179901e-05,0.0
1939.0,1.0,5.905303998944039e-10,0.0
1939.0,1.0,3.775134544279098e-11,0.0
1940.0,1.0,1.522997974471263e-08,0.0
1940.0,1.0,6.34880011604368e-09,0.0
1941.0,0.999867863996351,6.604775211011887e-05,0.0
1941.0,0.999867863996351,6.604775211011887e-05,0.0
1942.0,0.9912456477064117,0.008575955383102364,1.0
1942.0,0.9912456477064117,0.00017798827561068056,1.0
1943.0,1.0,1.186112015134383e-08,0.0
1943.0,1.0,1.162823303022097e-10,0.0
1944.0,0.9999987335551229,1.2098659934854867e-06,0.0
1944.0,0.9999987335551229,5.211402547917536e-10,0.0
1945.0,1.0,3.5114221133765118e-12,0.0
1945.0,1.0,7.835041785064389e-13,0.0
1946.0,0.9998017242319853,0.00012338532642031244,1.0
1946.0,0.9998017242319853,7.483698343257072e-05,1.0
1947.0,1.0,5.789356328730652e-12,0.0
1947.0,1.0,7.287724095819692e-14,0.0
1948.0,1.0,1.8189616875530459e-09,0.0
1948.0,1.0,3.5114221133765118e-12,0.0
1949.0,1.0,8.592166619174109e-10,0.0
1949.0,1.0,3.581747930283181e-10,0.0
1950.0,0.9999995679801056,3.927863545481039e-07,0.0
1950.0,0.9999995679801056,1.186112015134383e-08,0.0
1951.0,1.0,6.560200168153779e-12,0.0
1951.0,1.0,6.914400106940203e-13,0.0
1952.0,1.0,1.006039279283317e-12,0.0
1952.0,1.0,2.543665647376923e-13,0.0
1953.0,0.9999996871837232,1.8553913626159784e-07,0.0
1953.0,0.9999996871837232,2.061153622438558e-09,0.0
